,brand,model,variant,manufactured_year,kilometers_driven,fuel_type,owners,location,price
0,Maruti Suzuki,Ignis,1.2 AMT Delta,2017,"20,000 km",Petrol,1st,Maharashtra,"₹ 4,99,000"
1,Maruti Suzuki,Ciaz,2014-2017 VXi Plus,2015,"28,546 km",Petrol,1st,Maharashtra,"₹ 6,75,000"
2,Maruti Suzuki,Alto K10,--,2017,"10,819 km",Petrol,--,Maharashtra,"₹ 2,99,000"
3,Maruti Suzuki,Swift,Others,2020,"8,300 km",Petrol,1st,Maharashtra,"₹ 7,00,000"
4,Maruti Suzuki,Ciaz,1.4 AT Zeta,2018,"26,000 km",Petrol,1st,Maharashtra,"₹ 7,95,000"
5,Maruti Suzuki,Baleno,Zeta Automatic,2016,"20,000 km",Petrol,1st,Maharashtra,"₹ 7,15,000"
6,Maruti Suzuki,Swift,AMT ZXI,2018,"22,656 km",Petrol,1st,Maharashtra,"₹ 8,10,000"
7,Maruti Suzuki,Baleno,1.2 Alpha,2018,"40,000 km",Petrol,1st,Maharashtra,"₹ 7,35,000"
8,Maruti Suzuki,Wagon R,AMT VXI,2017,"27,000 km",Petrol,1st,Maharashtra,"₹ 4,50,000"
9,Maruti Suzuki,Swift Dzire,VXI,2013,43648 KM,PETROL,First,Maharashtra,"₹ 3,20,000"
10,Maruti Suzuki,Swift,LXI,2021,1 km,Petrol,--,Maharashtra,"₹ 4,95,000"
11,Maruti Suzuki,Swift,VXi 1.2 ABS BS-IV,2016,"458,270 km",Petrol,1st,Maharashtra,"₹ 6,75,000"
12,Maruti Suzuki,Wagon R,LXI,2009,"46,000 km",Petrol,1st,Maharashtra,"₹ 1,65,000"
13,Maruti Suzuki,Alto K10,LXI CNG,2015,"72,000 km",CNG & Hybrids,1st,Maharashtra,"₹ 3,10,000"
14,Maruti Suzuki,Wagon R 1.0,1.0 VXi,2011,"49,000 km",CNG & Hybrids,2nd,Maharashtra,"₹ 2,00,000"
15,Maruti Suzuki,Swift,VDI,2008,"140,000 km",Diesel,1st,Maharashtra,"₹ 1,95,000"
16,Maruti Suzuki,Ritz,VDi,2011,"59,000 km",Diesel,2nd,Maharashtra,"₹ 2,75,000"
17,Maruti Suzuki,Ertiga,VXI CNG,2016,"58,000 km",CNG & Hybrids,1st,Maharashtra,"₹ 8,25,000"
18,Maruti Suzuki,Baleno,1.2 CVT Alpha,2020,"11,000 km",Petrol,1st,Mumbai,"₹ 7,20,000"
19,Maruti Suzuki,Celerio,VXI AMT,2016,"38,660 km",Petrol,1st,Mumbai,"₹ 3,50,000"
20,Maruti Suzuki,Celerio,ZXI AMT,2017,"19,458 km",Petrol,--,Mumbai,"₹ 4,28,000"
21,Maruti Suzuki,Swift,Others,2020,"8,300 km",Petrol,1st,Mumbai,"₹ 7,00,000"
22,Maruti Suzuki,Vitara Brezza,ZDi Plus,2018,"48,000 km",Diesel,1st,Mumbai,"₹ 8,70,000"
23,Maruti Suzuki,Swift Dzire,VXi AT,2015,"41,000 km",Petrol,2nd,Mumbai,"₹ 6,75,000"
24,Maruti Suzuki,Celerio,2014-2017 ZXI,2016,"16,243 km",Petrol,1st,Mumbai,"₹ 4,45,000"
25,Maruti Suzuki,Ciaz,1.4 Alpha,2018,"36,000 km",Petrol,1st,Mumbai,"₹ 7,51,000"
26,Maruti Suzuki,Celerio X,Others,2017,"28,185 km",Petrol,--,Mumbai,"₹ 5,25,000"
27,Maruti Suzuki,Baleno,1.3 Alpha,2015,"79,345 km",Diesel,1st,Mumbai,"₹ 5,99,999"
28,Maruti Suzuki,Swift Dzire,ZXI,2014,"53,700 km",Petrol,1st,Mumbai,"₹ 4,89,000"
29,Maruti Suzuki,Ertiga,VDI,2018,"48,000 km",Diesel,1st,Mumbai,"₹ 8,75,000"
30,Maruti Suzuki,Wagon R 1.0,1.0 VXi,2011,"49,000 km",CNG & Hybrids,2nd,Mumbai,"₹ 2,00,000"
31,Maruti Suzuki,Estilo,LXI CNG,2009,"90,000 km",CNG & Hybrids,1st,Mumbai,"₹ 1,25,000"
32,Maruti Suzuki,Ertiga,VXI CNG,2018,"45,000 km",CNG & Hybrids,1st,Mumbai,"₹ 9,41,000"
33,Maruti Suzuki,S-Cross,Delta 1.3,2017,"25,000 km",Diesel,1st,Mumbai,"₹ 6,85,000"
34,Maruti Suzuki,Swift,VDI,2008,"140,000 km",Diesel,1st,Mumbai,"₹ 1,95,000"
35,Maruti Suzuki,Ritz,VDi,2011,"59,000 km",Diesel,2nd,Mumbai,"₹ 2,75,000"
36,Hyundai,Elite i20,Sportz Plus CVT,2019,"19,000 km",Petrol,1st,Mumbai,"₹ 6,83,600"
37,Hyundai,Creta,1.6 SX Plus Auto,2017,"34,573 km",Petrol,1st,Mumbai,"₹ 11,60,000"
38,Hyundai,Creta,1.6 CRDi AT SX Plus,2016,"71,452 km",Diesel,1st,Mumbai,"₹ 10,25,000"
39,Hyundai,i20,2010-2012 1.4 Asta AT with AVN,2010,"56,000 km",Petrol,1st,Mumbai,"₹ 3,25,000"
40,Hyundai,i10,Sportz AT,2010,"27,554 km",Petrol,2nd,Mumbai,"₹ 2,85,000"
41,Hyundai,i20,2009-2011 1.4 Asta (AT),2011,"75,000 km",Petrol,2nd,Mumbai,"₹ 3,25,000"
42,Hyundai,i10,2007-2010 Sportz 1.2,2009,"45,000 km",Petrol,3rd,Mumbai,"₹ 1,90,000"
43,Hyundai,Elite i20,ASTA 1.2 AT,2018,"42,000 km",Petrol,1st,Mumbai,"₹ 6,83,600"
44,Hyundai,Grand i10,Asta 1.2 Kappa VTVT (O),2015,"40,000 km",Petrol,2nd,Mumbai,"₹ 4,50,000"
45,Hyundai,Fluidic Verna,1.6 VTVT SX,2018,"12,000 km",Petrol,1st,Mumbai,"₹ 7,00,000"
46,Hyundai,Creta,1.6 VTVT S,2016,"35,000 km",Petrol,1st,Mumbai,"₹ 9,35,000"
47,Hyundai,Elite i20,Sportz,1.2,69001 KM,PETROL,First,Mumbai,"₹ 5,97,300"
48,Hyundai,Grand i10,1.2,CRDi Sportz,90000 KM,PETROL,First,Mumbai,"₹ 1,60,000"
49,Hyundai,i20 Active,SX Petrol,2016,"40,000 km",Petrol,3rd,Mumbai,"₹ 6,29,000"
50,Hyundai,i20,Asta 1.4 CRDI with AVN 6 Speed,2014,"84,000 km",Diesel,1st,Mumbai,"₹ 4,00,000"
51,Hyundai,Grand I 10,2016,Sportz,36661 KM,PETROL,First,Mumbai,"₹ 3,75,000"
52,Hyundai,Grand i10,2016,Sportz,36661 KM,PETROL,First,Mumbai,"₹ 4,50,000"
53,Hyundai,i10,Sportz,2012,"49,235 km",Petrol,2nd,Mumbai,"₹ 2,45,000"
54,Toyota,Corolla Altis,2013-2017 VL AT,2015,"59,724 km",Petrol,1st,Mumbai,"₹ 9,25,000"
55,Toyota,Land Cruiser Prado,Land Cruiser Prado VX,2010,"123,000 km",Diesel,2nd,Mumbai,"₹ 31,25,000"
56,Toyota,Fortuner,3.0 4x2 Automatic,2013,"139,390 km",Diesel,2nd,Mumbai,"₹ 13,50,000"
57,Toyota,Innova Crysta,2.8 GX AT,2017,"17,000 km",Diesel,1st,Mumbai,"₹ 19,00,000"
58,Toyota,Others,--,2021,0 km,Petrol,--,Mumbai,"₹ 11,79,900"
59,Mahindra,Scorpio,2002-2013 M2DI,2010,"76,000 km",Diesel,1st,Mumbai,"₹ 3,25,000"
60,Toyota,Innova Crysta,2.8 GX AT,2017,"17,000 km",Diesel,1st,Mumbai,"₹ 19,00,000"
61,Maruti Suzuki,S-Cross,Delta 1.3,2017,"25,000 km",Diesel,1st,Mumbai,"₹ 6,85,000"
62,Maruti Suzuki,Estilo,LXI CNG,2009,"90,000 km",CNG & Hybrids,1st,Mumbai,"₹ 1,25,000"
63,BMW,3 Series,--,1989,"2,000 km",--,--,Mumbai,"₹ 20,000"
64,Toyota,Others,--,2002,"104,200 km",Diesel,--,Mumbai,"₹ 4,94,000"
65,Maruti Suzuki,Ertiga,VXI,CNG,52708 KM,PETROL/COMPRESSED NATURAL GAS,First,Mumbai,"₹ 6,75,000"
66,Toyota,Etios,1.5 V,2012,"51,573 km",Petrol,2nd,Mumbai,"₹ 3,45,000"
67,Hyundai,i10,--,2014,"58,847 km",Petrol,--,Mumbai,"₹ 2,85,000"
68,Honda,City ZX,VTEC,2007,"87,235 km",CNG & Hybrids,1st,Mumbai,"₹ 1,75,000"
69,Maruti Suzuki,Swift,VDI,2015,"35,000 km",Diesel,1st,Mumbai,"₹ 4,95,000"
70,Maruti Suzuki,S-Cross,Delta 1.3,2017,"25,000 km",Diesel,1st,Mumbai,"₹ 6,85,000"
71,Toyota,Fortuner,3.0 4x4 Manual,2010,"190,000 km",Diesel,2nd,Mumbai,"₹ 8,25,000"
72,Mercedes-Benz,E-Class,E350 Coupe,1985,"2,000 km",Petrol,1st,Mumbai,"₹ 15,000"
73,Renault,Triber,RXT,2019,"31,500 km",Petrol,1st,Mumbai,"₹ 6,45,000"
74,Maruti Suzuki,Swift Dzire,VXI AT Optional,2014,"52,000 km",Petrol,1st,Kerala,"₹ 5,45,000"
75,Maruti Suzuki,Wagon R,VXI AMT,2017,"49,000 km",Petrol,1st,Kerala,"₹ 3,80,000"
76,Maruti Suzuki,Baleno,Alpha,2019,"37,000 km",Petrol,1st,Kerala,"₹ 6,00,000"
77,Maruti Suzuki,Wagon R,VXI AMT Opt 1.2,2020,"2,800 km",Petrol,1st,Kerala,"₹ 4,21,000"
78,Maruti Suzuki,Vitara Brezza,ZDi Plus AMT Dual Tone,2019,"1,500 km",Diesel,1st,Kerala,"₹ 9,90,000"
79,Maruti Suzuki,Wagon R,VXI AMT,2016,"21,689 km",Petrol,1st,Kerala,"₹ 4,40,000"
80,Maruti Suzuki,Wagon R,2010-2012 VXi BSII,2009,"84,000 km",Petrol,2nd,Kerala,"₹ 1,80,000"
81,Maruti Suzuki,Baleno,1.2 Alpha,2010,0 km,Electric,1st,Kerala,"₹ 80,000"
82,Maruti Suzuki,Alto 800,2012-2016 LXI,2013,"63,000 km",Petrol,1st,Kerala,"₹ 2,15,000"
83,Maruti Suzuki,Swift,VXI,2020,"12,500 km",Petrol,1st,Kerala,"₹ 6,65,000"
84,Maruti Suzuki,Ritz,LDi,2010,"80,000 km",Diesel,2nd,Kerala,"₹ 2,65,000"
85,Maruti Suzuki,Ciaz,2014-2017 ZXi Plus,2015,"78,000 km",Petrol,1st,Kerala,"₹ 7,50,000"
86,Maruti Suzuki,Swift Dzire,VXI,2008,"100,938 km",Petrol,2nd,Kerala,"₹ 2,75,000"
87,Maruti Suzuki,Zen,D PS,2002,"116,985 km",Diesel,3rd,Kerala,"₹ 79,000"
88,Maruti Suzuki,Alto 800,2012-2016 LXI,2018,"22,511 km",Petrol,1st,Kerala,"₹ 3,00,000"
89,Maruti Suzuki,Wagon R,2006-2010 LXI Minor,2010,"73,000 km",Petrol,1st,Kerala,"₹ 1,30,000"
90,Maruti Suzuki,Swift,LXI Optional-O,2016,"78,957 km",Petrol,1st,Kerala,"₹ 4,40,000"
91,Maruti Suzuki,Alto 800,LXI,2013,"57,000 km",Petrol,2nd,Kerala,"₹ 2,15,000"
92,Hyundai,i10,Sportz AT,2010,"66,655 km",Petrol,2nd,Kerala,"₹ 3,30,000"
93,Hyundai,Creta,1.6 SX Plus Auto,2015,"86,000 km",Diesel,--,Kerala,"₹ 8,75,000"
94,Hyundai,i10,Sportz AT,2011,"58,163 km",Petrol,1st,Kerala,"₹ 2,70,000"
95,Hyundai,Grand i10,2013-2016 AT Asta,2014,"46,000 km",Petrol,2nd,Kerala,"₹ 4,15,000"
96,Hyundai,Creta,1.6 SX Automatic Diesel,2018,"70,000 km",Diesel,1st,Kerala,"₹ 14,00,000"
97,Hyundai,Creta,1.6 S Automatic Diesel,2019,"2,520 km",Diesel,1st,Kerala,"₹ 14,75,000"
98,Hyundai,Grand i10 Nios,Magna,2021,0 km,Petrol,1st,Kerala,"₹ 1,20,000"
99,Hyundai,Verna,VTVT 1.6 SX Option,2020,"7,000 km",Diesel,1st,Kerala,"₹ 11,25,000"
100,Hyundai,Creta,1.6 SX Automatic,2018,"25,000 km",Petrol,1st,Kerala,"₹ 13,50,000"
101,Hyundai,Santro Xing,GLS,2008,"65,000 km",Petrol,1st,Kerala,"₹ 1,25,000"
102,Hyundai,Santro,GLS II - Euro II,2007,"89,000 km",Petrol,1st,Kerala,"₹ 1,25,000"
103,Hyundai,Xcent,S 1.2 (O),2014,"68,500 km",Petrol,1st,Kerala,"₹ 3,00,000"
104,Hyundai,i10,Era,2010,"84,256 km",Petrol,4th,Kerala,"₹ 1,85,000"
105,Hyundai,EON,Magna +,2017,"54,000 km",Petrol,1st,Kerala,"₹ 2,95,000"
106,Hyundai,Grand i10,1.2 Kappa Asta,2016,"70,000 km",Petrol,1st,Kerala,"₹ 4,50,000"
107,Hyundai,EON,Era +,2016,"65,000 km",Petrol,1st,Kerala,"₹ 2,15,000"
108,Hyundai,Grand i10,1.2 Kappa Asta,2015,"29,000 km",Petrol,1st,Kerala,"₹ 3,90,000"
109,Hyundai,Santro Xing,XL AT eRLX Euro III,2007,"76,000 km",Petrol,2nd,Kerala,"₹ 1,30,000"
110,Toyota,Fortuner,3.0 4x4 Automatic,2015,120 km,Diesel,1st,Kerala,"₹ 22,00,000"
111,Toyota,Innova Crysta,2.8Z Automatic,2016,"100,000 km",Diesel,1st,Kerala,"₹ 16,75,000"
112,Toyota,Innova Crysta,2.8 GX AT,2017,"65,000 km",Diesel,2nd,Kerala,"₹ 18,25,000"
113,Toyota,Qualis,GST Super,2004,"390,000 km",Diesel,2nd,Kerala,"₹ 2,75,000"
114,Toyota,Yaris,J Optional CVT,2018,"52,000 km",Petrol,1st,Kerala,"₹ 9,50,000"
115,Toyota,Fortuner,--,2017,"70,000 km",Diesel,1st,Kerala,"₹ 25,55,555"
116,Toyota,Innova Crysta,2.7 ZX AT,2017,"35,000 km",Petrol,1st,Kerala,"₹ 15,55,555"
117,Toyota,Glanza,V CVT,2019,"37,324 km",Petrol,--,Kerala,"₹ 8,40,000"
118,Toyota,Fortuner,3.0 4x2 Automatic,2012,"98,000 km",Diesel,2nd,Kerala,"₹ 13,00,000"
119,Toyota,Innova,2.5 G (Diesel) 7 Seater BS-IV,2014,"179,000 km",Diesel,1st,Kerala,"₹ 6,10,000"
120,Toyota,Etios Liva,1.2 VX,2016,"62,000 km",Petrol,1st,Kerala,"₹ 4,28,000"
121,Toyota,Innova,2.5 G (Diesel) 7-Seater,2015,"139,566 km",Diesel,1st,Kerala,"₹ 8,10,000"
122,Toyota,Innova Crysta,2.4 G MT,2017,"45,000 km",Diesel,1st,Kerala,"₹ 17,50,000"
123,Toyota,Innova,2.5 VX 7-STR,2011,"247,932 km",Diesel,2nd,Kerala,"₹ 7,25,000"
124,Toyota,Etios Liva,2014-2016 VD Limited Edition,2016,"85,000 km",Diesel,2nd,Kerala,"₹ 8,05,000"
125,Toyota,Innova,2.5 GX (Diesel) 7 Seater BS IV,2015,"140,000 km",Diesel,2nd,Kerala,"₹ 8,10,000"
126,Toyota,Innova,2.5 G (Diesel) 7-Seater,2011,"160,000 km",Diesel,2nd,Kerala,"₹ 6,75,000"
127,Toyota,Innova,2.5 G (Diesel) 8 Seater,2007,"150,000 km",Diesel,3rd,Kerala,"₹ 4,70,000"
128,Mahindra,XUV500,W10 2WD,2016,"35,000 km",Diesel,1st,Kerala,"₹ 11,00,000"
129,Mahindra,Others,Others,2012,"200,000 km",Diesel,2nd,Kerala,"₹ 3,50,000"
130,Mahindra,XUV500,AT W6 2WD,2017,"22,300 km",Diesel,1st,Kerala,"₹ 12,50,000"
131,Mahindra,Others,Others,2019,"37,000 km",Electric,1st,Kerala,"₹ 1,76,000"
132,Mahindra,Scorpio,2002-2013 2.6 CRDe,2005,"137,000 km",Diesel,2nd,Kerala,"₹ 1,39,000"
133,Mahindra,Scorpio,2002-2013 2.6 SLX Turbo 7 Seater,2003,"196,000 km",Diesel,2nd,Kerala,"₹ 1,10,000"
134,Mahindra,Others,Others,2014,"33,000 km",Diesel,1st,Kerala,"₹ 6,00,000"
135,Mahindra,Thar,CRDE 4X4 BS IV,2021,"7,000 km",Diesel,1st,Kerala,"₹ 18,25,000"
136,Mahindra,TUV 300,mHAWK100 T8 AMT,2016,"90,000 km",Diesel,1st,Kerala,"₹ 6,60,000"
137,Mahindra,XUV500,W9,2018,"40,000 km",Diesel,--,Kerala,"₹ 14,50,000"
138,Mahindra,Bolero Pik-Up,Others,2004,"150,000 km",Diesel,2nd,Kerala,"₹ 2,90,000"
139,Mahindra,Bolero,ZLX BSIII,2014,"112,000 km",Diesel,1st,Kerala,"₹ 4,99,999"
140,Mahindra,Scorpio,2006-2009 SLX 2.6 Turbo 7 Str,2006,"127,000 km",Diesel,4+,Kerala,"₹ 2,05,000"
141,Mahindra,Scorpio,2002-2013 2.6 SLX CRDe,2007,"180,000 km",Diesel,2nd,Kerala,"₹ 2,49,000"
142,Mahindra,Scorpio,2002-2013 Vlx Air bag BS-IV,2006,"89,000 km",Diesel,2nd,Kerala,"₹ 2,39,000"
143,Mahindra,Xylo,2009-2011 D2,2010,1 km,Diesel,2nd,Kerala,"₹ 1,95,000"
144,Mahindra,Jeep,MM 540 XDB,1990,"60,000 km",Diesel,--,Kerala,"₹ 1,95,000"
145,Mahindra,Bolero Pik-Up,Others,2016,"55,000 km",Diesel,1st,Kerala,"₹ 5,00,000"
146,Tata,Tiago,XZA Plus,2020,"26,000 km",Petrol,1st,Kerala,"₹ 5,85,000"
147,Tata,Nexon,1.2 Revotron XZA Plus,2019,"9,000 km",Petrol,1st,Kerala,"₹ 9,60,000"
148,Tata,Nexon,1.5 Revotorq XZA Plus,2020,"7,000 km",Petrol,1st,Kerala,"₹ 7,60,000"
149,Tata,Indica Ev2,eV2 LX,2011,"100,000 km",Diesel,2nd,Kerala,"₹ 1,35,000"
150,Tata,Tiago,1.2 Revotron XTA,2021,0 km,Petrol,1st,Kerala,"₹ 5,10,000"
151,Tata,Nano,XTA,2015,"51,000 km",Petrol,1st,Kerala,"₹ 1,45,000"
152,Tata,Altroz,Others,2021,0 km,Petrol,1st,Kerala,"₹ 75,000"
153,Tata,Tigor,XZA Plus,2020,"18,000 km",Petrol,1st,Kerala,"₹ 6,15,000"
154,Tata,Nexon,1.2 Revotron XZA Plus,2019,"30,000 km",Petrol,1st,Kerala,"₹ 9,00,000"
155,Tata,Winger,--,2015,"88,000 km",Diesel,1st,Kerala,"₹ 4,80,000"
156,Tata,Others,Others,2014,"54,000 km",Diesel,2nd,Kerala,"₹ 1,90,000"
157,Tata,Indigo CS,--,2010,"130,000 km",Diesel,2nd,Kerala,"₹ 92,000"
158,Tata,Winger,Others,2018,"18,000 km",Diesel,2nd,Kerala,"₹ 7,00,000"
159,Tata,Nano,2012-2015 Twist XE,2015,"63,458 km",Petrol,1st,Kerala,"₹ 1,25,000"
160,Tata,Indica Vista,2008-2013 Aqua TDI BSIII,2009,"141,000 km",Diesel,2nd,Kerala,"₹ 1,25,000"
161,Tata,Indica,DLS,2009,"100,000 km",Diesel,4th,Kerala,"₹ 70,000"
162,Tata,Tigor,1.05 Revotorq XZ,2018,"32,000 km",Diesel,1st,Kerala,"₹ 5,95,000"
163,Tata,Indica Vista,2008-2013 Aura 1.3 Quadrajet,2013,"130,000 km",Diesel,2nd,Kerala,"₹ 1,95,000"
164,Honda,Amaze,V Diesel,2018,"94,000 km",Diesel,2nd,Kerala,"₹ 7,25,000"
165,Honda,Amaze,VX CVT Diesel,2020,"25,000 km",Diesel,1st,Kerala,"₹ 9,50,000"
166,Honda,City,VX CVT,2018,"14,000 km",Petrol,1st,Kerala,"₹ 10,00,000"
167,Honda,Civic,1.8 S MT,2006,"152,838 km",Petrol,2nd,Kerala,"₹ 1,90,000"
168,Honda,City,2015-2017 i VTEC CVT SV,2016,"49,000 km",Petrol,1st,Kerala,"₹ 8,30,000"
169,Honda,Accord,Accord 2.4 Automatic,2007,"115,800 km",Petrol,2nd,Kerala,"₹ 2,10,000"
170,Honda,Civic,1.8 S AT,2007,"50,000 km",Petrol,2nd,Kerala,"₹ 5,50,000"
171,Honda,Jazz,V Automatic,2017,"25,000 km",Petrol,1st,Kerala,"₹ 7,50,000"
172,Honda,Amaze,S CVT i-VTEC,2020,"8,500 km",Petrol,1st,Kerala,"₹ 6,99,999"
173,Honda,Jazz,1.2 V i VTEC,2015,"23,000 km",Petrol,1st,Kerala,"₹ 6,60,000"
174,Honda,Mobilio,V i-VTEC,2014,"32,000 km",Petrol,1st,Kerala,"₹ 5,50,000"
175,Honda,City,2015-2017 i VTEC SV,2017,"30,924 km",Petrol,1st,Kerala,"₹ 10,00,000"
176,Honda,Mobilio,V Option i-DTEC,2014,"116,000 km",Diesel,1st,Kerala,"₹ 4,10,000"
177,Honda,City,i-DTEC V,2015,"88,000 km",Diesel,1st,Kerala,"₹ 6,50,000"
178,Honda,Jazz,1.2 V i VTEC,2015,"53,000 km",Petrol,1st,Kerala,"₹ 5,40,000"
179,Honda,City,2003-2005 1.5 EXI,2004,"90,000 km",Petrol,2nd,Kerala,"₹ 1,90,000"
180,Honda,City ZX,GXi,2008,"116,000 km",Petrol,1st,Kerala,"₹ 1,75,000"
181,Honda,Jazz,--,2015,"36,970 km",--,1st,Kerala,"₹ 5,40,000"
182,Ford,Endeavour,3.2 Titanium AT 4X4,2016,"15,000 km",Diesel,1st,Kerala,"₹ 28,50,000"
183,Ford,Ecosport,1.5 Petrol Titanium Plus,2015,"51,000 km",Petrol,2nd,Kerala,"₹ 7,10,000"
184,Ford,Endeavour,3.2 Titanium AT 4X4,2016,"87,000 km",Diesel,2nd,Kerala,"₹ 36,00,000"
185,Ford,Figo,1.5P Titanium AT,2021,200 km,Petrol,1st,Kerala,"₹ 5,75,000"
186,Ford,Ikon,1.6 Really Sport,2002,"140,000 km",Petrol,1st,Kerala,"₹ 67,000"
187,Ford,Endeavour,2.2 Titanium AT 4X2 Sunroof,2019,"19,900 km",Diesel,1st,Kerala,"₹ 42,18,474"
188,Ford,Figo,1.5P Titanium AT,2017,"63,000 km",Petrol,1st,Kerala,"₹ 4,80,000"
189,Ford,Mustang,Others,2019,238 km,Petrol,1st,Kerala,"₹ 36,00,000"
190,Ford,Ecosport,1.5 Petrol Titanium Plus AT,2019,"9,500 km",Petrol,1st,Kerala,"₹ 6,50,000"
191,Ford,Ecosport,1.5 Diesel Titanium,2013,"115,000 km",Diesel,2nd,Kerala,"₹ 5,35,000"
192,Ford,Figo,Diesel,2013,"110,000 km",Diesel,2nd,Kerala,"₹ 2,30,000"
193,Ford,Ecosport,1.5 Diesel Titanium,2020,"20,500 km",Diesel,1st,Kerala,"₹ 11,50,000"
194,Ford,Figo,Duratorq ZXI 1.4,2012,"141,000 km",Diesel,--,Kerala,"₹ 2,30,000"
195,Ford,Figo,2010-2012 Diesel ZXI,2010,"110,000 km",Diesel,2nd,Kerala,"₹ 1,90,000"
196,Ford,Figo,1.2P Titanium MT,2011,"99,500 km",Diesel,4+,Kerala,"₹ 1,59,000"
197,Ford,Figo,Titanium,2010,"100,702 km",Diesel,1st,Kerala,"₹ 1,62,000"
198,Ford,Figo,Titatinium Blu 1.5L TDCi,2018,"33,500 km",Diesel,1st,Kerala,"₹ 5,75,000"
199,Ford,Figo,1.5D Titanium Plus MT,2016,"81,000 km",Diesel,1st,Kerala,"₹ 5,70,000"
200,Volkswagen,Passat,2.0 TDI AT Highline,2012,"83,000 km",Diesel,2nd,Kerala,"₹ 11,00,000"
201,Volkswagen,Vento,1.5 TDI Highline AT,2014,"91,000 km",Diesel,3rd,Kerala,"₹ 6,50,000"
202,Volkswagen,Polo,GT TSI,2018,"8,500 km",Petrol,1st,Kerala,"₹ 10,80,000"
203,Volkswagen,Polo,GT TSI Sport Edition,2017,"85,000 km",Petrol,1st,Kerala,"₹ 6,48,000"
204,Volkswagen,Polo,GT TSI,2021,0 km,Petrol,1st,Kerala,"₹ 1,80,000"
205,Volkswagen,Passat,2007-2010 Highline DSG S,2009,"100,000 km",Diesel,3rd,Kerala,"₹ 5,65,000"
206,Volkswagen,Vento,1.6 Trendline,2012,"92,000 km",Diesel,2nd,Kerala,"₹ 2,50,000"
207,Volkswagen,Polo,GT TSI,2018,"36,260 km",Petrol,2nd,Kerala,"₹ 12,00,000"
208,Volkswagen,Vento,2013-2015 1.2 TSI Highline AT,2015,"68,000 km",Petrol,--,Kerala,"₹ 6,50,000"
209,Volkswagen,Vento,1.5 TDI Comfortline,2014,"47,000 km",Diesel,2nd,Kerala,"₹ 3,15,000"
210,Volkswagen,Polo,1.2 MPI Comfortline,2011,"33,000 km",Petrol,2nd,Kerala,"₹ 3,85,000"
211,Volkswagen,Polo,2009-2013 Diesel Trendline 1.2L,2013,"97,000 km",Diesel,--,Kerala,"₹ 4,00,000"
212,Volkswagen,Polo,1.0 MPI Comfortline,2018,"40,000 km",Petrol,1st,Kerala,"₹ 6,80,000"
213,Volkswagen,Polo,1.2 MPI Comfortline,2011,"140,000 km",Diesel,2nd,Kerala,"₹ 2,60,000"
214,Volkswagen,Polo,1.0 MPI Comfortline,2018,"35,000 km",Petrol,1st,Kerala,"₹ 6,50,000"
215,Volkswagen,Polo,2009-2013 Diesel Comfortline 1.2L,2011,"62,900 km",Diesel,3rd,Kerala,"₹ 3,85,000"
216,Volkswagen,Others,Others,2021,0 km,Petrol,1st,Kerala,"₹ 11,00,000"
217,Volkswagen,Vento,1.6 Highline,2013,"187,000 km",Diesel,1st,Kerala,"₹ 3,10,000"
218,Chevrolet,Beat,2010-2013 Diesel,2011,"60,000 km",Diesel,2nd,Kerala,"₹ 1,22,000"
219,Chevrolet,Tavera,Neo 3 LS- 7 STR BS-III,2008,"260,000 km",Diesel,4+,Kerala,"₹ 2,70,000"
220,Chevrolet,Cruze,2014-2016 LTZ AT,2014,"64,000 km",Diesel,1st,Kerala,"₹ 8,25,000"
221,Chevrolet,Cruze,2010-2011 LTZ,2011,"115,000 km",Diesel,3rd,Kerala,"₹ 3,45,000"
222,Chevrolet,Enjoy,Others,2013,"980,000 km",Petrol,1st,Kerala,"₹ 4,00,000"
223,Chevrolet,Cruze,2014-2016 LTZ,2013,"114,238 km",Diesel,3rd,Kerala,"₹ 5,50,000"
224,Chevrolet,Beat,2010-2013 Diesel,2013,"130,000 km",Diesel,2nd,Kerala,"₹ 1,35,000"
225,Chevrolet,Beat,2010-2013 Diesel LS,2012,120 km,Diesel,4th,Kerala,"₹ 1,15,000"
226,Chevrolet,Optra,Others,2006,"103,449 km",Petrol,3rd,Kerala,"₹ 90,000"
227,Chevrolet,Spark,1.0 LT,2011,"14,000 km",Petrol,1st,Kerala,"₹ 1,20,000"
228,Chevrolet,Aveo,1.4,2006,"69,915 km",Petrol,2nd,Kerala,"₹ 1,25,000"
229,Chevrolet,Optra Magnum,2.0 Max,2009,"92,000 km",Diesel,2nd,Kerala,"₹ 1,53,000"
230,Chevrolet,Spark,1.0 LT,2009,"25,000 km",Petrol,1st,Kerala,"₹ 1,30,000"
231,Chevrolet,Spark,2007-2012 1.0 LS,2011,"60,000 km",Petrol,1st,Kerala,"₹ 90,000"
232,Chevrolet,Enjoy,2013-2015 TCDi LT 7 Seater,2013,"130,000 km",Diesel,2nd,Kerala,"₹ 3,40,000"
233,Chevrolet,Spark,1.0 LS,2012,"40,000 km",Petrol,2nd,Kerala,"₹ 1,10,000"
234,Chevrolet,Sail,1.3 LS,2013,1 km,Diesel,1st,Kerala,"₹ 2,25,000"
235,Chevrolet,Tavera Neo,2 LS B3,2011,"136,595 km",Diesel,3rd,Kerala,"₹ 3,20,000"
236,Maruti Suzuki,Celerio X,--,2017,"18,740 km",Petrol,--,Uttar Pradesh,"₹ 4,30,000"
237,Maruti Suzuki,Alto K10,--,2018,"14,946 km",Petrol,--,Uttar Pradesh,"₹ 3,50,000"
238,Maruti Suzuki,Celerio,2014,VXI AT,45066 KM,PETROL,First,Uttar Pradesh,"₹ 3,24,000"
239,Maruti Suzuki,Wagon R Electric,Others,2021,"5,000 km",LPG,2nd,Uttar Pradesh,"₹ 37,000"
240,Maruti Suzuki,800,AC,2007,"50,000 km",CNG & Hybrids,3rd,Uttar Pradesh,"₹ 56,000"
241,Maruti Suzuki,800,Others,2019,"13,000 km",Petrol,1st,Uttar Pradesh,"₹ 1,85,000"
242,Maruti Suzuki,Wagon R,1999-2006 VXI BSIII,2004,"106,000 km",LPG,3rd,Uttar Pradesh,"₹ 90,000"
243,Maruti Suzuki,Alto,2000-2005 AX,2001,"60,000 km",LPG,2nd,Uttar Pradesh,"₹ 62,000"
244,Maruti Suzuki,SX4,Others,2009,"70,000 km",Petrol,4+,Uttar Pradesh,"₹ 2,05,000"
245,Maruti Suzuki,Ciaz,2014,VXi Option,103853 KM,PETROL,First,Uttar Pradesh,"₹ 6,49,000"
246,Maruti Suzuki,Wagon R 1.0,1.0 VXi,2015,"20,292 km",Petrol,--,Uttar Pradesh,"₹ 3,40,000"
247,Maruti Suzuki,S-Cross,Alpha 1.3,2016,"78,297 km",Diesel,--,Uttar Pradesh,"₹ 6,80,000"
248,Maruti Suzuki,Swift,VXI,2010,"66,000 km",Petrol,1st,Uttar Pradesh,"₹ 2,10,000"
249,Maruti Suzuki,Alto K10,LXI,2011,"60,000 km",Petrol,1st,Uttar Pradesh,"₹ 2,00,000"
250,Maruti Suzuki,Wagon R,LXI,2013,"37,620 km",Petrol,1st,Uttar Pradesh,"₹ 3,33,333"
251,Maruti Suzuki,Ciaz,2014-2017 ZDi Plus SHVS,2015,"66,000 km",Diesel,1st,Uttar Pradesh,"₹ 5,50,000"
252,Maruti Suzuki,Swift,VVT VXI,2016,"47,000 km",Petrol,1st,Uttar Pradesh,"₹ 4,65,000"
253,Maruti Suzuki,Swift,VXI,2017,"28,000 km",Petrol,1st,Uttar Pradesh,"₹ 6,05,000"
254,Hyundai,Creta,--,2016,"83,273 km",Petrol,--,Uttar Pradesh,"₹ 9,25,000"
255,Hyundai,Creta,1.6 SX Plus Auto,2016,"64,812 km",Diesel,--,Uttar Pradesh,"₹ 9,25,000"
256,Hyundai,Creta,--,2016,"39,505 km",Petrol,--,Uttar Pradesh,"₹ 9,25,000"
257,Hyundai,i20,1.4 Magna AT,2017,"50,000 km",Diesel,1st,Uttar Pradesh,"₹ 4,00,000"
258,Hyundai,Santro,Others,2007,"61,000 km",Petrol,2nd,Uttar Pradesh,"₹ 65,000"
259,Hyundai,i20,2009-2011 Magna,2012,"70,000 km",Diesel,3rd,Uttar Pradesh,"₹ 2,30,000"
260,Hyundai,Santro,Others,2006,"40,000 km",Petrol,2nd,Uttar Pradesh,"₹ 50,000"
261,Hyundai,Santro Xing,GLS,2012,"105,000 km",Petrol,2nd,Uttar Pradesh,"₹ 1,75,000"
262,Hyundai,Accent,GLE 2,2009,"95,000 km",CNG & Hybrids,2nd,Uttar Pradesh,"₹ 1,50,000"
263,Hyundai,Verna,--,2016,"33,060 km",Petrol,--,Uttar Pradesh,"₹ 4,95,000"
264,Hyundai,Grand i10,2016,Magna,21740 KM,PETROL,Second,Uttar Pradesh,"₹ 4,25,000"
265,Hyundai,Creta,--,2016,"48,980 km",Petrol,--,Uttar Pradesh,"₹ 8,45,000"
266,Hyundai,i10,Magna,2011,"64,000 km",Petrol,1st,Uttar Pradesh,"₹ 2,75,000"
267,Hyundai,i10,1.2 Kappa Magna,2011,"71,000 km",Petrol,1st,Uttar Pradesh,"₹ 1,85,000"
268,Hyundai,i10,Sportz 1.2 Kappa2,2013,"25,133 km",Petrol,1st,Uttar Pradesh,"₹ 3,50,000"
269,Hyundai,i10,Magna,2013,"80,780 km",CNG & Hybrids,2nd,Uttar Pradesh,"₹ 3,50,000"
270,Hyundai,EON,Sportz,2013,"69,000 km",Petrol,2nd,Uttar Pradesh,"₹ 2,50,000"
271,Hyundai,Verna,Fluidic 1.6 CRDi SX,2012.0,"78,000 km",Diesel,1st,Uttar Pradesh,"₹ 3,95,000"
272,Mahindra,Xylo,E9 BS-IV,2013,"110,000 km",Diesel,2nd,Uttar Pradesh,"₹ 2,80,000"
273,Mahindra,Scorpio,2006-2009 VLS AT 2.2 mHAWK,2008,"179,000 km",Diesel,2nd,Uttar Pradesh,"₹ 2,60,000"
274,Mahindra,XUV500,--,2016,"58,527 km",Diesel,--,Uttar Pradesh,"₹ 9,50,000"
275,Mahindra,Bolero,2001-2010 SLX,2014,"110,000 km",Diesel,3rd,Uttar Pradesh,"₹ 4,30,000"
276,Mahindra,Bolero Power Plus,SLE,2019,"90,000 km",Diesel,1st,Uttar Pradesh,"₹ 6,50,000"
277,Mahindra,Bolero Pik-Up,Others,2015,"80,000 km",Diesel,1st,Uttar Pradesh,"₹ 5,80,000"
278,Mahindra,Bolero,2001-2010 DI,2008,"220,000 km",Diesel,2nd,Uttar Pradesh,"₹ 3,45,000"
279,Mahindra,Bolero Pik-Up,CBC 1.7T,2018,"97,000 km",Diesel,2nd,Uttar Pradesh,"₹ 5,00,000"
280,Mahindra,Others,Others,2016,"20,000 km",Diesel,1st,Uttar Pradesh,"₹ 60,000"
281,Mahindra,XUV500,--,2016,"97,411 km",Diesel,--,Uttar Pradesh,"₹ 9,50,000"
282,Mahindra,XUV500,W4,2014,"109,000 km",Diesel,3rd,Uttar Pradesh,"₹ 5,50,000"
283,Mahindra,XUV500,W10 AWD,2017,"53,000 km",Diesel,2nd,Uttar Pradesh,"₹ 12,50,000"
284,Mahindra,Bolero,SLE BS IV,2017,"82,000 km",Diesel,1st,Uttar Pradesh,"₹ 6,50,000"
285,Mahindra,Bolero,SLX BS IV,2015,"49,875 km",Diesel,1st,Uttar Pradesh,"₹ 4,80,000"
286,Mahindra,XUV500,W10 2WD,2016,"32,000 km",Diesel,1st,Uttar Pradesh,"₹ 9,70,000"
287,Mahindra,Bolero,ZLX,2015,"90,000 km",Diesel,1st,Uttar Pradesh,"₹ 6,50,000"
288,Mahindra,TUV 300,T10,2018,"80,000 km",Diesel,2nd,Uttar Pradesh,"₹ 8,10,000"
289,Mahindra,XUV500,W4,2015,"67,000 km",Diesel,1st,Uttar Pradesh,"₹ 7,15,000"
290,Tata,Indigo Ecs,2008-2012 LX (TDI) BS III,2013,"87,000 km",Diesel,2nd,Uttar Pradesh,"₹ 2,20,000"
291,Tata,Others,--,2018,"28,942 km",Petrol,--,Uttar Pradesh,"₹ 4,60,000"
292,Tata,H2X,Others,2014,"1,073 km",Diesel,4+,Uttar Pradesh,"₹ 3,00,000"
293,Tata,Indigo CS,CS LX TDI,2010,"90,000 km",Diesel,2nd,Uttar Pradesh,"₹ 1,10,000"
294,Tata,Others,Others,2012,"270,000 km",Diesel,2nd,Uttar Pradesh,"₹ 8,50,000"
295,Tata,Indigo CS,Others,2013,"100,000 km",Diesel,1st,Uttar Pradesh,"₹ 1,30,000"
296,Tata,Xenon XT,EX 4X4,2018,"120,000 km",Diesel,1st,Uttar Pradesh,"₹ 5,50,000"
297,Tata,Indigo Ecs,eCS GLS,2012,25 km,Diesel,3rd,Uttar Pradesh,"₹ 1,20,000"
298,Tata,Safari,Others,2011,"85,000 km",Diesel,2nd,Uttar Pradesh,"₹ 2,00,000"
299,Tata,Tiago,1.2,Revotron XE,46462 KM,PETROL,First,Uttar Pradesh,"₹ 3,75,000"
300,Tata,Nexon,1.5 Revotorq XZ Plus,2018,"69,361 km",Diesel,1st,Uttar Pradesh,"₹ 9,55,000"
301,Tata,Zest,Quadrajet 1.3,2015,"81,000 km",Diesel,1st,Uttar Pradesh,"₹ 3,80,000"
302,Tata,Nexon,1.2 Revotron XM,2020,"25,000 km",Petrol,1st,Uttar Pradesh,"₹ 5,65,000"
303,Tata,Safari Storme,EX,2014,"86,777 km",Diesel,1st,Uttar Pradesh,"₹ 4,85,000"
304,Tata,H5X,H5X,2020,100 km,Petrol,1st,Uttar Pradesh,"₹ 6,00,000"
305,Tata,Tiago,1.2,Revotron XE,46462 KM,PETROL,First,Uttar Pradesh,"₹ 3,75,000"
306,Tata,Others,Others,2019,"21,000 km",Diesel,1st,Uttar Pradesh,"₹ 1,75,000"
307,Tata,Indica Vista,2008-2013 Aqua 1.3 Quadrajet ABS BSIV,2012,"110,000 km",Diesel,2nd,Uttar Pradesh,"₹ 99,000"
308,Honda,Amaze,S i-VTEC,2019,"24,000 km",Petrol,1st,Uttar Pradesh,"₹ 7,10,000"
309,Honda,City,--,2015,"80,410 km",Petrol,--,Uttar Pradesh,"₹ 5,40,000"
310,"Honda
/","Honda
/",--,2011,"72,839 km",Petrol,--,Uttar Pradesh,"₹ 3,10,000"
311,Honda,Amaze,Others,2021,"8,000 km",Petrol,1st,Uttar Pradesh,"₹ 52,000"
312,Honda,Amaze,1.5 SMT I DTEC,2013,"120,000 km",Diesel,1st,Uttar Pradesh,"₹ 3,85,000"
313,Honda,Civic,1.8 S AT,2006,"95,000 km",CNG & Hybrids,2nd,Uttar Pradesh,"₹ 1,95,000"
314,Honda,Others,Others,2018,"25,000 km",Petrol,1st,Uttar Pradesh,"₹ 29,500"
315,Honda,Others,Others,2011,"95,000 km",Petrol,1st,Uttar Pradesh,"₹ 1,35,000"
316,Honda,City,2014-2015 i DTEC VX,2014,"70,000 km",Diesel,2nd,Uttar Pradesh,"₹ 7,50,000"
317,Honda,Brio,--,2012,"145,000 km",Petrol,1st,Uttar Pradesh,"₹ 2,65,000"
318,Honda,Amaze,S Diesel,2013,"49,000 km",Diesel,1st,Uttar Pradesh,"₹ 3,50,000"
319,Honda,City,2008-2011 1.5 S MT,2008,"122,000 km",Petrol,2nd,Uttar Pradesh,"₹ 2,50,000"
320,Honda,City,2008-2011 1.5 S MT,2010,"72,452 km",Petrol,2nd,Uttar Pradesh,"₹ 2,90,000"
321,Honda,Amaze,S Diesel,2016,"41,000 km",Diesel,1st,Uttar Pradesh,"₹ 3,80,000"
322,Honda,WR-V,i-VTEC S,2017,"18,000 km",Petrol,1st,Uttar Pradesh,"₹ 8,15,000"
323,Honda,Jazz,2009-2013 Basic,2015.0,"25,000 km",Petrol,1st,Uttar Pradesh,"₹ 3,00,000"
324,Honda,Amaze,S i-DTEC,2014,"62,000 km",Diesel,1st,Uttar Pradesh,"₹ 4,25,000"
325,Honda,Amaze,SX i DTEC,2015,"67,000 km",Diesel,1st,Uttar Pradesh,"₹ 4,00,000"
326,Toyota,Innova Crysta,2.8 ZX AT,2016,"110,000 km",Diesel,1st,Uttar Pradesh,"₹ 15,25,000"
327,Toyota,Innova,2.5 EV Diesel MS 8 Str BSIII,2011,"100,000 km",Diesel,4th,Uttar Pradesh,"₹ 4,10,000"
328,Toyota,Fortuner,2.8 4WD AT,2015,"70,000 km",Diesel,1st,Uttar Pradesh,"₹ 27,50,000"
329,Toyota,Innova,2.5 G (Diesel) 7-Seater,2009,"170,000 km",Diesel,3rd,Uttar Pradesh,"₹ 2,99,999"
330,Toyota,Innova,2.5 EV MS 8 STR,2010,"120,000 km",Diesel,2nd,Uttar Pradesh,"₹ 4,50,000"
331,Toyota,Fortuner,2.7 2WD AT,2017,"40,000 km",Petrol,1st,Uttar Pradesh,"₹ 29,50,000"
332,Toyota,Innova,Others,2016,"84,000 km",Diesel,2nd,Uttar Pradesh,"₹ 11,50,000"
333,Toyota,Qualis,GS G5,2001,"100,000 km",Diesel,4+,Uttar Pradesh,"₹ 1,00,000"
334,Toyota,Innova,2.5 EV Diesel PS W/O A/C 7 BSIII,2012,16 km,Diesel,2nd,Uttar Pradesh,"₹ 4,40,000"
335,Toyota,Innova Crysta,2.4 G MT,2019,"25,000 km",Diesel,1st,Uttar Pradesh,"₹ 15,25,000"
336,Toyota,Etios Liva,1.2 G,2013,"66,000 km",Petrol,1st,Uttar Pradesh,"₹ 2,75,000"
337,Toyota,Corolla Altis,2013-2017 D-4D Limited Edition,2013,"85,000 km",Diesel,2nd,Uttar Pradesh,"₹ 4,35,000"
338,Toyota,Corolla Altis,1.8 G,2010,"72,000 km",Petrol,1st,Uttar Pradesh,"₹ 3,94,990"
339,Toyota,Corolla Altis,2010-2013 G,2010,"78,542 km",Petrol,2nd,Uttar Pradesh,"₹ 3,10,000"
340,Toyota,Etios,1.4 GD,2013,"76,000 km",Diesel,1st,Uttar Pradesh,"₹ 3,45,000"
341,Toyota,Innova,2.5 G (Diesel) 7 Seater,2015,"115,000 km",Diesel,1st,Uttar Pradesh,"₹ 7,50,000"
342,Toyota,Etios,1.4 GD,2013,"72,000 km",Diesel,1st,Uttar Pradesh,"₹ 3,45,000"
343,Toyota,Etios Cross,1.4L GD,2016,"92,000 km",Diesel,2nd,Uttar Pradesh,"₹ 6,50,000"
344,Ford,Endeavour,2.2 Titanium AT 4X2,2016,"69,000 km",Diesel,1st,Uttar Pradesh,"₹ 23,75,000"
345,Ford,Endeavour,Titanium Plus 4X2,2020,"33,000 km",Diesel,1st,Uttar Pradesh,"₹ 28,50,000"
346,Ford,Endeavour,3.2 Titanium AT 4X4,2018,"62,000 km",Diesel,1st,Uttar Pradesh,"₹ 23,75,000"
347,Ford,Endeavour,3.2 Titanium AT 4X4,2016.0,"124,200 km",Diesel,1st,Uttar Pradesh,"₹ 28,50,000"
348,Ford,Endeavour,2.2 Titanium AT 4X2 Sunroof,2021,"6,252 km",Diesel,1st,Uttar Pradesh,"₹ 37,80,000"
349,Ford,Figo,Diesel,2013,"99,000 km",Diesel,2nd,Uttar Pradesh,"₹ 2,00,000"
350,Ford,Ikon,1.6 EXI josh 100,2009,"82,000 km",Petrol,2nd,Uttar Pradesh,"₹ 1,15,000"
351,Ford,Endeavour,2.2 Titanium AT 4X2,2019,"33,000 km",Diesel,1st,Uttar Pradesh,"₹ 33,95,000"
352,Ford,Endeavour,3.2 Titanium AT 4X4,2019,"96,000 km",Diesel,1st,Uttar Pradesh,"₹ 23,75,000"
353,Ford,Aspire,--,2017,"86,062 km",Diesel,--,Uttar Pradesh,"₹ 4,25,000"
354,Ford,Ecosport,--,2017,"123,115 km",Diesel,--,Uttar Pradesh,"₹ 6,51,000"
355,Ford,Ecosport,--,2015,"102,599 km",Petrol,--,Uttar Pradesh,"₹ 4,25,000"
356,Ford,Figo,1.5D Trend MT,2016,"65,000 km",Diesel,2nd,Uttar Pradesh,"₹ 3,75,000"
357,Ford,Fiesta,Others,2010,"120,000 km",Diesel,3rd,Uttar Pradesh,"₹ 1,85,000"
358,Ford,Figo,Duratorq EXI 1.4,2011,"107,000 km",Diesel,2nd,Uttar Pradesh,"₹ 1,80,000"
359,Ford,Ecosport,1.5 TDCi Trend,2014,"56,000 km",Diesel,2nd,Uttar Pradesh,"₹ 5,70,000"
360,Ford,Ecosport,1.5 Diesel Titanium,2017,"110,000 km",Diesel,1st,Uttar Pradesh,"₹ 7,50,000"
361,Ford,Ecosport,1.5 TDCi Ambiente,2013,"100,000 km",Diesel,2nd,Uttar Pradesh,"₹ 4,25,000"
362,Maruti Suzuki,Swift Dzire,AMT ZDI Plus,2019,"38,700 km",Diesel,1st,Rajasthan,"₹ 8,00,000"
363,Maruti Suzuki,Swift Dzire,AMT VXI,2017,"52,123 km",Petrol,1st,Rajasthan,"₹ 6,50,000"
364,Maruti Suzuki,Wagon R,VXI AMT1.2,2019,"11,000 km",Petrol,1st,Rajasthan,"₹ 5,40,000"
365,Maruti Suzuki,Baleno,Delta Automatic,2017,"35,000 km",Petrol,1st,Rajasthan,"₹ 6,21,000"
366,Maruti Suzuki,Swift Dzire Tour,LDI,2013,"220,000 km",Diesel,1st,Rajasthan,"₹ 3,92,000"
367,Maruti Suzuki,Wagon R,LXI,2010,"100,015 km",Petrol,3rd,Rajasthan,"₹ 1,05,000"
368,Maruti Suzuki,Swift Dzire,AMT ZXI,2017,"40,000 km",Petrol,1st,Rajasthan,"₹ 5,00,000"
369,Maruti Suzuki,800,Others,2007,25 km,Petrol,3rd,Rajasthan,"₹ 1,30,000"
370,Maruti Suzuki,Zen,LXI,2009,"78,576 km",Petrol,4th,Rajasthan,"₹ 65,000"
371,Maruti Suzuki,Vitara Brezza,VDi AMT,2018,"71,000 km",Diesel,1st,Rajasthan,"₹ 8,50,000"
372,Maruti Suzuki,Vitara Brezza,Others,2021,"6,500 km",Petrol,1st,Rajasthan,"₹ 8,90,000"
373,Maruti Suzuki,Alto 800,LXI,2017,"45,000 km",Petrol,1st,Rajasthan,"₹ 2,85,000"
374,Maruti Suzuki,Swift Dzire,VDI,2009,"92,000 km",Diesel,2nd,Rajasthan,"₹ 2,95,000"
375,Maruti Suzuki,Swift Dzire,VDI,2012,"95,000 km",Diesel,1st,Rajasthan,"₹ 4,25,000"
376,Maruti Suzuki,Gypsy,1993-1996 MG410W ST,1994,"69,000 km",Petrol,2nd,Rajasthan,"₹ 2,85,000"
377,Maruti Suzuki,Ertiga,VXI Petrol,2017,"50,000 km",Petrol,2nd,Rajasthan,"₹ 6,50,000"
378,Maruti Suzuki,Wagon R,2006-2010 LXI Minor,2009,"88,000 km",Petrol,1st,Rajasthan,"₹ 1,75,000"
379,Maruti Suzuki,Alto,2000-2005 LX,2002,"100,000 km",Petrol,2nd,Rajasthan,"₹ 70,000"
380,Mahindra,Bolero Power Plus,SLX,2012,18 km,Diesel,3rd,Rajasthan,"₹ 4,15,000"
381,Mahindra,Bolero,Others,2015,"85,000 km",Diesel,3rd,Rajasthan,"₹ 5,60,000"
382,Mahindra,Bolero,2001-2010 LX,2002,18 km,Diesel,2nd,Rajasthan,"₹ 85,000"
383,Mahindra,Bolero Pik-Up,CBC 1.7T,2017,"59,823 km",Diesel,1st,Rajasthan,"₹ 7,50,000"
384,Mahindra,Bolero Pik-Up,CBC 1.7T,2012,11 km,Diesel,3rd,Rajasthan,"₹ 35,000"
385,Mahindra,Scorpio,2002-2013 EX,2014,18 km,Diesel,2nd,Rajasthan,"₹ 5,30,000"
386,Mahindra,Bolero,SLX,2012,"92,000 km",Diesel,4th,Rajasthan,"₹ 4,25,000"
387,Bolero,Cars,2001-2010 DI AC BSIII,2013,16 km,Diesel,2nd,Rajasthan,"₹ 3,21,000"
388,Mahindra,Jeep,CL 500 MDI,2003,"90,000 km",Diesel,2nd,Rajasthan,"₹ 2,00,000"
389,Mahindra,Scorpio,2002-2013 VLX Airbag,2013,"79,000 km",Diesel,1st,Rajasthan,"₹ 6,30,000"
390,Mahindra,Thar,CRDE 4X4 BS IV,2018,"56,000 km",Diesel,2nd,Rajasthan,"₹ 9,30,000"
391,Mahindra,Scorpio,S10 7 Seater,2017,"200,000 km",Diesel,1st,Rajasthan,"₹ 13,00,000"
392,Mahindra,Scorpio,1.99 S6 Plus,2015,"85,421 km",Diesel,1st,Rajasthan,"₹ 8,80,000"
393,Mahindra,XUV500,2011-2015 W8-2WD,2013,"169,000 km",Diesel,1st,Rajasthan,"₹ 7,95,000"
394,Mahindra,Thar,CRDe,2018,47934 KM,DIESEL,Second,Rajasthan,"₹ 8,50,000"
395,Bolero,Cars,2001-2010 DI DX 7 Seater,2007,"90,000 km",Diesel,3rd,Rajasthan,"₹ 2,80,000"
396,Mahindra,Scorpio,1.99 S10,2015,"70,000 km",Diesel,3rd,Rajasthan,"₹ 9,50,000"
397,Marazzo,Cars,M8 8Str,2019,"130,000 km",Diesel,1st,Rajasthan,"₹ 12,00,000"
398,Hyundai,Elite i20,ASTA 1.2 AT,2018,"17,500 km",Petrol,1st,Rajasthan,"₹ 7,25,000"
399,Hyundai,Verna,CRDi 1.6 AT SX Plus,2017,"64,000 km",Diesel,1st,Rajasthan,"₹ 9,75,000"
400,Hyundai,Creta,1.6 SX Automatic Diesel,2019,"86,000 km",Diesel,1st,Rajasthan,"₹ 14,90,000"
401,Hyundai,Xcent,2014-2016 1.1 CRDi SX,2014,"63,000 km",Diesel,4th,Rajasthan,"₹ 5,60,000"
402,Hyundai,Verna,2010-2011 Transform SX VGT CRDi AT BS III,2011,"85,000 km",Diesel,4th,Rajasthan,"₹ 4,25,000"
403,Hyundai,Santro Xing,Others,2004,"73,595 km",Petrol,2nd,Rajasthan,"₹ 1,05,000"
404,Hyundai,Venue,SX Dual Tone Turbo,2020,19 km,Petrol,1st,Rajasthan,"₹ 3,00,000"
405,Hyundai,Verna,2011-2014 1.6 CRDI,2012,"51,000 km",Petrol,2nd,Rajasthan,"₹ 4,90,000"
406,Hyundai,Xcent,2014,1.2 Kappa S,114287 KM,PETROL/LIQUIFIED PETROLEUM GAS,Second,Rajasthan,"₹ 4,00,000"
407,Tata,H5X,H5X,2021,80 km,Electric,4+,Rajasthan,"₹ 1,00,000"
408,Tata,Others,Others,2016,"35,000 km",Diesel,1st,Rajasthan,"₹ 3,50,000"
409,Others,Cars,Others,2018,"29,000 km",Diesel,1st,Rajasthan,"₹ 3,75,000"
410,Tata,Indigo CS,CS LS TDI,2010,"80,000 km",Diesel,2nd,Rajasthan,"₹ 70,000"
411,Tata,Safari,Dicor EX 4X2,2008,"90,000 km",Diesel,2nd,Rajasthan,"₹ 2,50,000"
412,Tata,Indica V2 Xeta,1.4 GLS BSIII,2006,"60,000 km",Petrol,4th,Rajasthan,"₹ 1,10,000"
413,Tata,Safari,4x2 LX DICOR BS-III,2007,13 km,Diesel,1st,Rajasthan,"₹ 2,10,000"
414,Tata,Others,Others,2002,"50,000 km",Diesel,2nd,Rajasthan,"₹ 1,50,000"
415,Tata,Nexon,1.2 Revotron XZA Plus,2020,"9,728 km",Petrol,1st,Rajasthan,"₹ 7,50,000"
416,Tata,Safari Storme,VX,2015,"70,000 km",Diesel,1st,Rajasthan,"₹ 6,25,000"
417,Tata,Nexon,1.5 Revotorq XM,2018,"78,000 km",Diesel,1st,Rajasthan,"₹ 6,50,000"
418,Tata,Zest,Quadrajet 1.3 75PS XE,2016,"109,000 km",Diesel,1st,Rajasthan,"₹ 4,00,000"
419,Tata,Nexon,1.2 Revotron XM,2018,"25,321 km",Petrol,1st,Rajasthan,"₹ 7,50,000"
420,Tata,Sumo Grande,Grande EX,2010,"85,000 km",Diesel,2nd,Rajasthan,"₹ 2,80,000"
421,Tata,Others,Others,2011,12 km,Diesel,2nd,Rajasthan,"₹ 1,30,000"
422,Tata,Indica Vista,2008-2013 Aura Plus 1.2 Safire 90hp BS IV,2013,"108,679 km",Diesel,1st,Rajasthan,"₹ 1,45,000"
423,Tata,Others,Others,2016,"55,000 km",Diesel,1st,Rajasthan,"₹ 3,60,000"
424,Others,Cars,Others,2011,"93,000 km",Diesel,3rd,Rajasthan,"₹ 1,25,000"
425,Toyota,Innova Crysta,2.8Z Automatic,2016,"162,000 km",Diesel,1st,Rajasthan,"₹ 13,00,000"
426,Toyota,Innova Crysta,2.8 GX AT,2019,"37,599 km",Diesel,1st,Rajasthan,"₹ 16,75,000"
427,Toyota,Innova,2.5 G (Diesel) 7 Seater,2008,"188,000 km",Diesel,2nd,Rajasthan,"₹ 3,80,000"
428,Toyota,Corolla,AE,2004,"143,000 km",Petrol,1st,Rajasthan,"₹ 80,000"
429,Toyota,Innova,2.5 G (Diesel) 7 Seater,2016,14 km,Diesel,3rd,Rajasthan,"₹ 8,30,000"
430,Toyota,Innova,2.5 EV Diesel MS 8 Str BSIII,2007,"120,000 km",Diesel,1st,Rajasthan,"₹ 2,75,000"
431,Toyota,Etios,1.5 G,2015,"170,000 km",Diesel,3rd,Rajasthan,"₹ 5,70,000"
432,Etios Liva,Cars,1.4 GD,2015,"94,000 km",Diesel,2nd,Rajasthan,"₹ 5,10,000"
433,Toyota,Etios,Xclusive Diesel L,2012,"116,000 km",Diesel,2nd,Rajasthan,"₹ 3,80,000"
434,Toyota,Innova,2.5 V 7 STR,2014,"90,700 km",Diesel,2nd,Rajasthan,"₹ 9,75,000"
435,Toyota,Innova,2.5 V 7 STR,2006,"310,700 km",Diesel,1st,Rajasthan,"₹ 2,75,000"
436,Toyota,Innova Crysta,2.4 G Plus MT,2017,"70,000 km",Diesel,1st,Rajasthan,"₹ 16,75,000"
437,Toyota,Etios,Others,2014,"28,000 km",Petrol,2nd,Rajasthan,"₹ 3,80,000"
438,Toyota,Qualis,FS B3,2003,"150,000 km",Diesel,1st,Rajasthan,"₹ 1,75,000"
439,Toyota,Innova,2.5 EV MS 7 STR,2005,"150,000 km",Diesel,4+,Rajasthan,"₹ 3,85,000"
440,Toyota,Innova,2.5 GX (Diesel) 8 Seater BS IV,2010,"170,000 km",Diesel,3rd,Rajasthan,"₹ 3,99,000"
441,Toyota,Innova,2.5 EV Diesel PS 7 Seater BSIII,2007,12 km,Diesel,2nd,Rajasthan,"₹ 3,00,000"
442,Toyota,Innova,2.5 G (Diesel) 8 - Seater,2008,"232,000 km",Diesel,4th,Rajasthan,"₹ 2,80,000"
443,Ford,Ecosport,1.5 Diesel Titanium,2013,"142,000 km",Diesel,3rd,Rajasthan,"₹ 5,25,000"
444,Ford,Endeavour,2.2 Titanium AT 4X2 Sunroof,2019,"112,000 km",Diesel,1st,Rajasthan,"₹ 25,50,000"
445,Ford,Endeavour,3.2 Titanium AT 4X4,2016,"77,300 km",Diesel,2nd,Rajasthan,"₹ 25,50,000"
446,Ford,Figo,Diesel,2019,"32,000 km",Diesel,1st,Rajasthan,"₹ 6,50,000"
447,Ford,Endeavour,3.2 Titanium AT 4X4,2017,"72,000 km",Diesel,2nd,Rajasthan,"₹ 22,00,000"
448,Ford,Figo,2010-2012 Petrol EXI,2012,18 km,Petrol,3rd,Rajasthan,"₹ 1,30,000"
449,Ford,Figo,1.5D Base MT,2011,"108,000 km",Diesel,2nd,Rajasthan,"₹ 1,85,000"
450,Ford,Figo,1.5D TITANIUM SPORTS PACK,2012,"136,000 km",Diesel,3rd,Rajasthan,"₹ 1,60,000"
451,Ford,Fiesta,Others,2012,"81,000 km",Diesel,1st,Rajasthan,"₹ 3,25,000"
452,Ford,Aspire,Trend Plus TDCi,2018,"35,000 km",Diesel,1st,Rajasthan,"₹ 5,95,000"
453,Ford,Figo,2010-2012 Petrol EXI,2010,"75,900 km",Petrol,2nd,Rajasthan,"₹ 2,05,000"
454,Ford,Fiesta,EXi 1.6,2010,"66,000 km",Petrol,1st,Rajasthan,"₹ 2,25,000"
455,Ford,Ecosport,1.5 Diesel Titanium,2017,"89,088 km",Diesel,1st,Rajasthan,"₹ 8,75,000"
456,Ford,Ecosport,S Diesel,2019,"33,000 km",Diesel,2nd,Rajasthan,"₹ 5,90,000"
457,Ford,Endeavour,2003-2013 2.5L 4X2 MT,2006,"150,000 km",Diesel,2nd,Rajasthan,"₹ 4,11,000"
458,Ford,Figo,Titanium,2012,"84,000 km",Diesel,1st,Rajasthan,"₹ 1,71,000"
459,Ford,Ecosport,1.5 Petrol Ambiente,2014,"65,422 km",Diesel,1st,Rajasthan,"₹ 5,35,000"
460,Ford,Fiesta,2004-2010 1.4 Duratorq ZXI,2007,"110,000 km",Diesel,3rd,Rajasthan,"₹ 1,00,000"
461,Honda,Civic,VX CVT i-vtec,2019,"30,000 km",Petrol,1st,Rajasthan,"₹ 15,49,000"
462,Honda,Amaze,Ace Edition Petrol,2012,"35,340 km",Petrol,1st,Rajasthan,"₹ 22,000"
463,Honda,City,i-VTEC CVT ZX,2020,"34,000 km",Petrol,1st,Rajasthan,"₹ 9,85,000"
464,Honda,Amaze,1.5 SMT I DTEC,2019,20 km,Diesel,1st,Rajasthan,"₹ 1,70,000"
465,Honda,City,V Automatic (AVN),2010,"68,800 km",Petrol,1st,Rajasthan,"₹ 3,60,000"
466,Honda,Civic,1.8 V AT,2007,"96,000 km",Petrol,1st,Rajasthan,"₹ 1,20,000"
467,Honda,City,1997-2006 1.5 GXI,2006,"115,901 km",Petrol,4th,Rajasthan,"₹ 1,40,000"
468,Honda,City ZX,GXi,2008,"115,000 km",Petrol,2nd,Rajasthan,"₹ 3,00,000"
469,Honda,City ZX,Others,2007,"92,000 km",Petrol,2nd,Rajasthan,"₹ 1,80,000"
470,Honda,WR-V,i-DTEC VX,2017,"68,000 km",Diesel,1st,Rajasthan,"₹ 8,25,000"
471,Honda,Jazz,1.2 SV i VTEC,2017,"36,000 km",Petrol,1st,Rajasthan,"₹ 5,49,200"
472,Honda,City,i-DTEC SV,2014,"98,500 km",Diesel,1st,Rajasthan,"₹ 5,85,000"
473,Honda,Amaze,VX Diesel,2013,"153,000 km",Diesel,1st,Rajasthan,"₹ 3,25,000"
474,Honda,City,2014-2015 V MT,2016,"52,100 km",Petrol,1st,Rajasthan,"₹ 5,85,000"
475,Honda,Amaze,Others,2019,"54,000 km",Diesel,1st,Rajasthan,"₹ 6,80,000"
476,Honda,Brio,1.2 S MT,2017,"24,980 km",Petrol,1st,Rajasthan,"₹ 4,25,000"
477,Honda,Amaze,VX Diesel,2013,"100,000 km",Diesel,2nd,Rajasthan,"₹ 3,45,000"
478,Honda,Mobilio,V i-DTEC,2014,"68,785 km",Diesel,1st,Rajasthan,"₹ 5,95,000"
479,Chevrolet,Beat,Diesel LS,2016,"60,000 km",Diesel,1st,Rajasthan,"₹ 1,90,000"
480,Chevrolet,Beat,2010-2013 Diesel LT,2012,"86,000 km",Diesel,2nd,Rajasthan,"₹ 1,40,000"
481,Tavera,Cars,2003-2007 LT L2 BSII,2007,"435,936 km",Diesel,3rd,Rajasthan,"₹ 1,80,000"
482,Chevrolet,Enjoy,1.3 TCDi LT 8,2014,"155,000 km",Diesel,2nd,Rajasthan,"₹ 3,20,000"
483,Chevrolet,Spark,1.0 LS BS3,2011,"55,000 km",Petrol,2nd,Rajasthan,"₹ 1,00,000"
484,Chevrolet,Spark,1.0 LT,2009,"74,000 km",Petrol,2nd,Rajasthan,"₹ 90,000"
485,Chevrolet,Cruze,LTZ AT,2017,"67,000 km",Diesel,2nd,Rajasthan,"₹ 5,21,000"
486,Chevrolet,Beat,2010-2013 Diesel LT,2012,"85,000 km",Diesel,2nd,Rajasthan,"₹ 1,60,000"
487,Chevrolet,Captiva,LTZ AWD Automatic,2010,"115,000 km",Diesel,2nd,Rajasthan,"₹ 3,10,000"
488,Chevrolet,Beat,Diesel PS,2015,"69,600 km",Diesel,1st,Rajasthan,"₹ 1,95,000"
489,Chevrolet,Spark,1.0 LS,2008,"65,000 km",Petrol,3rd,Rajasthan,"₹ 1,05,000"
490,Chevrolet,Beat,Diesel LS,2014,"71,000 km",Diesel,1st,Rajasthan,"₹ 1,65,000"
491,Chevrolet,Spark,2007-2012 1.0 LS,2008,"70,000 km",Petrol,4th,Rajasthan,"₹ 85,000"
492,Chevrolet,Beat,2014-2016 Diesel LS,2015,25 km,Diesel,1st,Rajasthan,"₹ 1,45,000"
493,Chevrolet,Cruze,--,2011,"80,000 km",Diesel,2nd,Rajasthan,"₹ 4,10,000"
494,Chevrolet,Beat,Diesel LT,2011,"12,500 km",Diesel,3rd,Rajasthan,"₹ 85,000"
495,Chevrolet,Enjoy,1.4 LT 7,2013,"138,000 km",Diesel,3rd,Rajasthan,"₹ 4,00,000"
496,Chevrolet,Spark,2007-2012 Muzic 1.0 LS,2010,"70,000 km",Petrol,2nd,Rajasthan,"₹ 1,80,000"
497,Renault,KWID,1.0 RXL 02 Anniversary Edition,2019,"39,000 km",Petrol,1st,Rajasthan,"₹ 3,40,000"
498,Renault,KWID,1.0 RXT AMT,2016,"35,000 km",Petrol,1st,Rajasthan,"₹ 2,75,000"
499,Renault,Duster,110PS Diesel RxL,2012,"98,000 km",Diesel,2nd,Rajasthan,"₹ 5,50,000"
500,Renault,KWID,1.0 RXT,2018,25 km,Petrol,1st,Rajasthan,"₹ 4,00,000"
501,Renault,KWID,RXT,2016,"59,000 km",Petrol,2nd,Rajasthan,"₹ 2,70,000"
502,Renault,Duster,2012-2015 110PS Diesel RxL,2013,20 km,Diesel,2nd,Rajasthan,"₹ 4,00,000"
503,Renault,Koleos,4X4 AT,2014,"44,500 km",Diesel,2nd,Rajasthan,"₹ 6,50,000"
504,Renault,KWID,RXT,2018,"20,700 km",Petrol,1st,Rajasthan,"₹ 3,30,000"
505,Renault,KWID,1.0 RXT AMT,2017,"31,000 km",Petrol,2nd,Rajasthan,"₹ 3,10,000"
506,Renault,Scala,Diesel RxZ,2014,"89,200 km",Diesel,2nd,Rajasthan,"₹ 4,50,000"
507,Renault,Duster,2012-2015 85PS Diesel RxL,2013,"115,000 km",Diesel,1st,Rajasthan,"₹ 4,50,000"
508,Renault,Duster,110PS Diesel RxL,2013,"88,700 km",Diesel,2nd,Rajasthan,"₹ 4,35,000"
509,Renault,Duster,110PS Diesel RxZ,2012,"75,000 km",Diesel,2nd,Rajasthan,"₹ 4,35,000"
510,Renault,KWID,RXT,2017,"53,000 km",Petrol,2nd,Rajasthan,"₹ 2,60,000"
511,Renault,KWID,1.0 RXL,2017,"12,000 km",Petrol,1st,Rajasthan,"₹ 3,10,000"
512,KWID,Cars,1.0 RXL,2017,"440,000 km",Petrol,3rd,Rajasthan,"₹ 3,00,000"
513,Renault,Triber,RXE,2019,"25,000 km",Petrol,1st,Rajasthan,"₹ 5,15,000"
514,Renault,KWID,1.0 RXT 02 Anniversary Edition,2017,"45,000 km",Petrol,2nd,Rajasthan,"₹ 3,40,000"
515,Maruti Suzuki,Ciaz,1.4 Alpha,2018,"40,000 km",Petrol,1st,Andhra Pradesh,"₹ 6,50,000"
516,Maruti Suzuki,Vitara Brezza,ZDi Plus AMT,2018,"94,000 km",Diesel,1st,Andhra Pradesh,"₹ 10,50,000"
517,Maruti Suzuki,Vitara Brezza,ZDi Plus AMT,2019,"37,000 km",Diesel,1st,Andhra Pradesh,"₹ 7,50,000"
518,Maruti Suzuki,Ertiga,2012-2015 VDI,2019,"50,000 km",Diesel,1st,Andhra Pradesh,"₹ 45,000"
519,Maruti Suzuki,800,AC,1999,"65,000 km",Petrol,3rd,Andhra Pradesh,"₹ 65,000"
520,Maruti Suzuki,Swift Dzire,VDI,2012,"133,000 km",Diesel,2nd,Andhra Pradesh,"₹ 3,50,000"
521,Maruti Suzuki,Swift Dzire,AMT ZXI Plus,2017,"77,000 km",Petrol,1st,Andhra Pradesh,"₹ 7,25,000"
522,Maruti Suzuki,Zen,LX,2007,"80,000 km",Diesel,2nd,Andhra Pradesh,"₹ 40,000"
523,Maruti Suzuki,Ertiga,Ertiga 2018,2018,"10,000 km",Diesel,2nd,Andhra Pradesh,"₹ 1,00,000"
524,Maruti Suzuki,Swift,VVT VXI,2016,"50,000 km",Petrol,1st,Andhra Pradesh,"₹ 5,70,000"
525,Maruti Suzuki,800,AC,2008,"87,000 km",Petrol,1st,Andhra Pradesh,"₹ 95,000"
526,Maruti Suzuki,Swift Dzire,LDI,2017,"86,000 km",Diesel,1st,Andhra Pradesh,"₹ 6,00,000"
527,Maruti Suzuki,Alto 800,LXI Opt,2019,"28,000 km",Petrol,1st,Andhra Pradesh,"₹ 2,60,000"
528,Maruti Suzuki,S Cross,Zeta DDiS 200 SH,2016,"80,000 km",Diesel,1st,Andhra Pradesh,"₹ 6,99,999"
529,Maruti Suzuki,Ciaz,Smart Hybrid Zeta,2017,"98,150 km",Diesel,1st,Andhra Pradesh,"₹ 5,75,000"
530,Maruti Suzuki,Swift,VDI BS IV,2017,"94,789 km",Diesel,1st,Andhra Pradesh,"₹ 5,80,000"
531,Maruti Suzuki,Wagon R Duo,Others,2009,"59,000 km",Petrol,1st,Andhra Pradesh,"₹ 2,35,000"
532,Maruti Suzuki,Ritz,VXi,2015,"76,000 km",Petrol,1st,Andhra Pradesh,"₹ 4,25,000"
533,Tata,Zest,Quadrajet 1.3 XT,2015,"180,000 km",Diesel,2nd,Andhra Pradesh,"₹ 3,80,000"
534,Tata,Indica Vista,Others,2009,"140,000 km",Diesel,2nd,Andhra Pradesh,"₹ 1,10,000"
535,Tata,Indica E V2,Others,2007,"75,000 km",Diesel,1st,Andhra Pradesh,"₹ 75,000"
536,Tata,Others,Others,2017,"58,000 km",Diesel,2nd,Andhra Pradesh,"₹ 1,99,999"
537,Tata,Others,Others,2009,"250,000 km",Diesel,1st,Andhra Pradesh,"₹ 1,40,000"
538,Tata,Indigo CS,2008-2012 LS DiCOR,2012,"90,000 km",Diesel,1st,Andhra Pradesh,"₹ 1,60,000"
539,Tata,Indica Vista,Aqua Quadrajet BS-III,2014,"124,301 km",Diesel,2nd,Andhra Pradesh,"₹ 3,30,000"
540,Tata,Indica V2,2009-2011 DLX BSII,2010,"96,500 km",Diesel,3rd,Andhra Pradesh,"₹ 60,000"
541,Tata,Indica V2,DLE BSIII,2012,"195,000 km",Diesel,2nd,Andhra Pradesh,"₹ 84,499"
542,Tata,Indigo Ecs,eCS LX CR4 BS-IV,2016,"125,000 km",Diesel,1st,Andhra Pradesh,"₹ 2,70,000"
543,Tata,Zest,Quadrajet 1.3,2019,"87,000 km",Diesel,1st,Andhra Pradesh,"₹ 6,50,000"
544,Tata,Safari Storme,VX,2010,"80,000 km",Diesel,1st,Andhra Pradesh,"₹ 5,87,000"
545,Tata,Indica V2,2009-2011 DiCOR DLS BSIII,2009,"130,000 km",Diesel,2nd,Andhra Pradesh,"₹ 90,000"
546,Tata,Indica Vista,2008-2013 TDI LX,2009,"150,000 km",Diesel,2nd,Andhra Pradesh,"₹ 99,000"
547,Tata,Indica V2,V2 LS,2012,"150,000 km",Diesel,3rd,Andhra Pradesh,"₹ 1,50,000"
548,Tata,Sumo Victa,DI LX 7/9 Str BSII,2011,"165,000 km",Diesel,2nd,Andhra Pradesh,"₹ 1,80,000"
549,Tata,Sumo Victa,Sumo Victa GX TC 8 STR,2005,"120,000 km",Diesel,2nd,Andhra Pradesh,"₹ 1,10,000"
550,Tata,Indica Vista,2008-2013 Aqua 1.4 TDI,2011,"147,000 km",Diesel,2nd,Andhra Pradesh,"₹ 1,35,000"
551,Hyundai,Creta,1.6 CRDi AT SX Plus,2017,"165,700 km",Diesel,2nd,Andhra Pradesh,"₹ 11,80,000"
552,Hyundai,Creta,1.6 CRDi AT SX Plus,2016,"140,000 km",Diesel,1st,Andhra Pradesh,"₹ 9,00,000"
553,Hyundai,Santro,LS zipPlus,2003,"76,000 km",Petrol,3rd,Andhra Pradesh,"₹ 80,000"
554,Hyundai,Santro Xing,GLS LPG,2006,"82,000 km",LPG,2nd,Andhra Pradesh,"₹ 1,50,000"
555,Hyundai,i20,2012-2014 Sportz AT 1.4,2013,"130,000 km",Diesel,1st,Andhra Pradesh,"₹ 30,000"
556,Hyundai,Verna,2006-2009 i (Petrol),2007,"90,000 km",Diesel,2nd,Andhra Pradesh,"₹ 75,000"
557,Hyundai,Grand i10,Asta Automatic 1.2 Kappa VTVT,2016,"84,000 km",Petrol,1st,Andhra Pradesh,"₹ 5,00,000"
558,Hyundai,Santro Xing,GLS,2010,"73,000 km",Petrol,1st,Andhra Pradesh,"₹ 60,000"
559,Hyundai,Santro,Sportz AMT,2019,"15,000 km",Petrol,1st,Andhra Pradesh,"₹ 5,50,000"
560,Hyundai,i20,2012-2014 Sportz 1.4 CRDi,2012,"104,800 km",Diesel,2nd,Andhra Pradesh,"₹ 3,30,000"
561,Hyundai,EON,Era +,2016,"40,000 km",Petrol,1st,Andhra Pradesh,"₹ 2,75,000"
562,Hyundai,Elite i20,1.4 CRDI Asta (O),2018,"46,000 km",Diesel,1st,Andhra Pradesh,"₹ 6,90,000"
563,Hyundai,Grand i10,1.2 Kappa Asta,2018,"39,000 km",Petrol,1st,Andhra Pradesh,"₹ 4,65,000"
564,Hyundai,Santro,LE zipPlus,2002,"77,000 km",Petrol,1st,Andhra Pradesh,"₹ 80,000"
565,Hyundai,Santro,LP - Euro I,2002,"90,000 km",Petrol,2nd,Andhra Pradesh,"₹ 85,000"
566,Hyundai,Santro Xing,GLS LPG,2010,"90,000 km",Petrol,2nd,Andhra Pradesh,"₹ 2,15,000"
567,Hyundai,Xcent,2016-2017 1.1 CRDi S Celebration Edition,2017,"67,000 km",Diesel,2nd,Andhra Pradesh,"₹ 4,10,000"
568,Hyundai,Grand i10,1.2 Kappa Sportz,2016,"148,000 km",Diesel,1st,Andhra Pradesh,"₹ 3,30,000"
569,Mahindra,XUV300,W6 AMT Diesel,2020,"15,000 km",Diesel,1st,Andhra Pradesh,"₹ 9,50,000"
570,Mahindra,XUV500,W6 2WD,2012,"136,000 km",Diesel,1st,Andhra Pradesh,"₹ 9,50,000"
571,Mahindra,Scorpio,S4,2013,"91,000 km",Diesel,1st,Andhra Pradesh,"₹ 8,50,000"
572,Mahindra,Bolero Power Plus,ZLX,2019,"50,000 km",Diesel,1st,Andhra Pradesh,"₹ 10,00,000"
573,Mahindra,Bolero,Plus AC BS IV,2019,"63,000 km",Diesel,1st,Andhra Pradesh,"₹ 8,75,000"
574,Mahindra,Scorpio,2006-2009 VLX 2WD BSIII,2012,"250,000 km",Diesel,1st,Andhra Pradesh,"₹ 5,00,000"
575,Mahindra,Others,Others,2018,8 km,Diesel,1st,Andhra Pradesh,"₹ 4,15,000"
576,Mahindra,Scorpio,Others,2014,"152,000 km",Diesel,2nd,Andhra Pradesh,"₹ 6,50,000"
577,Mahindra,Scorpio,2006-2009 VLS 2.2 mHawk,2008,"200,000 km",Diesel,2nd,Andhra Pradesh,"₹ 2,00,000"
578,Mahindra,Xylo,D4,2013,"115,000 km",Diesel,1st,Andhra Pradesh,"₹ 2,60,000"
579,Mahindra,Xylo,H4,2017,"96,800 km",Diesel,1st,Andhra Pradesh,"₹ 5,50,000"
580,Mahindra,XUV500,W10 2WD,2016,"80,000 km",Diesel,1st,Andhra Pradesh,"₹ 11,49,000"
581,Mahindra,Others,Others,2018,"50,000 km",Diesel,1st,Andhra Pradesh,"₹ 3,90,000"
582,Mahindra,KUV 100,2016-2017 mFALCON G80 K4 Plus,2017,"48,000 km",Diesel,2nd,Andhra Pradesh,"₹ 5,10,000"
583,Mahindra,Others,Others,2016,"26,686 km",Diesel,1st,Andhra Pradesh,"₹ 1,70,000"
584,Mahindra,Scorpio,Others,2014,"284,852 km",Diesel,2nd,Andhra Pradesh,"₹ 5,30,000"
585,Mahindra,Others,Others,2010,0 km,Diesel,2nd,Andhra Pradesh,"₹ 1,60,000"
586,Mahindra,Bolero,SLE,2014,"150,000 km",Diesel,2nd,Andhra Pradesh,"₹ 4,00,000"
587,Toyota,Innova Crysta,2.8Z Automatic,2018,"48,300 km",Diesel,1st,Andhra Pradesh,"₹ 19,00,000"
588,Toyota,Innova,2.5 G (Diesel) 7 Seater BS IV,2011,"265,000 km",Diesel,3rd,Andhra Pradesh,"₹ 4,50,000"
589,Toyota,Innova Crysta,2.8Z Automatic,2018,"126,412 km",Diesel,1st,Andhra Pradesh,"₹ 14,50,000"
590,Toyota,Etios,1.4 GD,2018,"54,009 km",Diesel,2nd,Andhra Pradesh,"₹ 6,99,999"
591,Toyota,Yaris,G CVT,2018,"36,000 km",Petrol,1st,Andhra Pradesh,"₹ 10,50,000"
592,Toyota,Etios Liva,1.4 GD,2015,"91,000 km",Diesel,1st,Andhra Pradesh,"₹ 4,80,000"
593,Toyota,Fortuner,2011-2016 4x2 AT,2013,"133,000 km",Diesel,1st,Andhra Pradesh,"₹ 14,00,000"
594,Toyota,Yaris,VX CVT,2018,"16,000 km",Petrol,1st,Andhra Pradesh,"₹ 10,99,999"
595,Toyota,Glanza,V CVT,2020,"5,760 km",Petrol,1st,Andhra Pradesh,"₹ 9,00,000"
596,Toyota,Innova Crysta,2.4 ZX MT,2018,"69,000 km",Diesel,1st,Andhra Pradesh,"₹ 19,00,000"
597,Toyota,Corolla Altis,2010-2013 Diesel D4DJ,2012,"130,000 km",Diesel,2nd,Andhra Pradesh,"₹ 5,00,000"
598,Toyota,Etios,1.5 G,2017,"129,000 km",Diesel,2nd,Andhra Pradesh,"₹ 7,99,999"
599,Toyota,Innova,2012-2013 2.5 VX (Diesel) 8 Seater BS IV,2012,"230,000 km",Diesel,1st,Andhra Pradesh,"₹ 7,99,999"
600,Toyota,Innova,2.5 G (Diesel) 7 Seater BS IV,2010,"190,000 km",Diesel,2nd,Andhra Pradesh,"₹ 4,00,000"
601,Toyota,Etios,2014-2016 GD,2014,"146,000 km",Diesel,2nd,Andhra Pradesh,"₹ 4,50,000"
602,Toyota,Innova,2012-2013 Aero GX Diesel 8 Seater BSIII,2013,"10,000 km",Diesel,1st,Andhra Pradesh,"₹ 10,50,000"
603,Toyota,Etios,2014-2016 GD,2015,"103,016 km",Diesel,2nd,Andhra Pradesh,"₹ 5,70,000"
604,Toyota,Etios,2013-2014 G,2013,"203,500 km",Diesel,2nd,Andhra Pradesh,"₹ 4,50,000"
605,Ford,Ecosport,1.5 Ti VCT AT Titanium,2017,"81,500 km",Petrol,2nd,Andhra Pradesh,"₹ 5,50,000"
606,Ford,Ikon,1.3 Flair,2004,"70,000 km",Petrol,2nd,Andhra Pradesh,"₹ 95,000"
607,Ford,Fiesta,2004-2010 1.4 Duratec EXI Limited Edition,2007,"130,000 km",Diesel,3rd,Andhra Pradesh,"₹ 1,35,000"
608,Ford,Ecosport,1.5 Diesel Titanium Plus,2018,"101,825 km",Petrol,1st,Andhra Pradesh,"₹ 6,10,000"
609,Ford,Figo,Titatinium Blu 1.5L TDCi,2013,"119,208 km",Diesel,2nd,Andhra Pradesh,"₹ 3,40,000"
610,Ford,Figo,Titanium Diesel,2010,"90,000 km",Diesel,2nd,Andhra Pradesh,"₹ 2,60,000"
611,Ford,Endeavour,3.2 Titanium AT 4X4,2016,"56,000 km",Diesel,1st,Andhra Pradesh,"₹ 19,00,000"
612,Ford,Fiesta,Others,2007,"83,000 km",Diesel,2nd,Andhra Pradesh,"₹ 1,70,000"
613,Ford,Ikon,1.3 CLXi NXt Finesse,2003,"35,000 km",Petrol,2nd,Andhra Pradesh,"₹ 1,60,000"
614,Ford,Figo,2010-2012 Diesel Titanium,2010,"89,000 km",Diesel,1st,Andhra Pradesh,"₹ 2,60,000"
615,Ford,Figo Aspire,1.5 TDCi Trend,2017,"83,000 km",Diesel,2nd,Andhra Pradesh,"₹ 5,25,000"
616,Ford,Figo,1.5D Titanium MT,2013,"105,000 km",Diesel,1st,Andhra Pradesh,"₹ 3,87,000"
617,Ford,Figo Aspire,1.5 TDCi Titanium,2017,"76,000 km",Diesel,1st,Andhra Pradesh,"₹ 6,75,000"
618,Ford,Fiesta Classic,Others,2006,"140,000 km",Diesel,2nd,Andhra Pradesh,"₹ 1,29,999"
619,Ford,Figo,2012-2015 Diesel EXI,2013,"105,859 km",Diesel,2nd,Andhra Pradesh,"₹ 2,80,000"
620,Ford,Fiesta,2008-2011 1.4 SXi TDCi ABS,2011,"85,000 km",Diesel,2nd,Andhra Pradesh,"₹ 2,00,000"
621,Ford,Figo Aspire,Titanium,2018,"46,000 km",Diesel,2nd,Andhra Pradesh,"₹ 5,00,000"
622,Ford,Fiesta,2004-2010 1.4 Duratec EXI,2006,"90,000 km",Diesel,1st,Andhra Pradesh,"₹ 2,25,000"
623,Honda,City,2015-2017 i DTec SV,2017,"13,600 km",Petrol,1st,Andhra Pradesh,"₹ 10,90,000"
624,Honda,Others,Others,2014,"32,000 km",Petrol,2nd,Andhra Pradesh,"₹ 40,000"
625,Honda,City ZX,EXi,2005,"84,500 km",Petrol,3rd,Andhra Pradesh,"₹ 1,95,000"
626,Honda,City,i-VTEC CVT ZX,2018,"36,000 km",Petrol,1st,Andhra Pradesh,"₹ 13,50,000"
627,Honda,Brio,1.2 VX AT,2017,"53,129 km",Petrol,1st,Andhra Pradesh,"₹ 5,90,000"
628,Honda,City,VX CVT,2018,"180,000 km",Petrol,1st,Andhra Pradesh,"₹ 8,50,000"
629,Honda,Accord,Accord 2.4 Automatic,2008,"55,000 km",Petrol,3rd,Andhra Pradesh,"₹ 4,70,000"
630,Honda,Jazz,VX,2020,"13,302 km",Petrol,1st,Andhra Pradesh,"₹ 8,50,000"
631,Honda,Jazz,1.2 V AT i VTEC,2017,"23,338 km",Petrol,1st,Andhra Pradesh,"₹ 8,10,000"
632,Honda,Jazz,1.5 VX i DTEC,2015,"78,000 km",Diesel,1st,Andhra Pradesh,"₹ 5,65,000"
633,Honda,City,2015-2017 i DTec VX,2016,"143,300 km",Diesel,2nd,Andhra Pradesh,"₹ 8,50,000"
634,Honda,City,2011-2013 V MT,2011,"79,000 km",Petrol,2nd,Andhra Pradesh,"₹ 5,49,999"
635,Honda,City,2014-2015 i DTEC E,2014,"106,000 km",Diesel,1st,Andhra Pradesh,"₹ 6,50,000"
636,Honda,Mobilio,S i-DTEC,2014,"104,000 km",Diesel,1st,Andhra Pradesh,"₹ 5,55,000"
637,Honda,Civic,1.8 V AT,2015,"15,000 km",Diesel,1st,Andhra Pradesh,"₹ 50,00,000"
638,Honda,Mobilio,V Option i-DTEC,2015,"82,569 km",Diesel,1st,Andhra Pradesh,"₹ 5,99,999"
639,Honda,Mobilio,RS i-DTEC,2016,"97,000 km",Diesel,1st,Andhra Pradesh,"₹ 7,50,000"
640,Honda,City,2014-2015 i VTEC VX Option,2014,"78,000 km",Petrol,2nd,Andhra Pradesh,"₹ 7,55,000"
641,Chevrolet,Optra Magnum,2.0 LT,2009,"120,000 km",Diesel,2nd,Andhra Pradesh,"₹ 1,95,000"
642,Chevrolet,Tavera,2003-2007 B2-10 seats BSIII,2007,"211,000 km",Diesel,2nd,Andhra Pradesh,"₹ 2,30,000"
643,Chevrolet,Enjoy,1.4 LT 7,2014,"20,000 km",Diesel,3rd,Andhra Pradesh,"₹ 2,50,000"
644,Chevrolet,Spark,2007-2012 1.0 LT,2011,"24,500 km",Petrol,1st,Andhra Pradesh,"₹ 1,90,000"
645,Chevrolet,Beat,2010-2013 Diesel PS,2013,"88,000 km",Diesel,1st,Andhra Pradesh,"₹ 2,36,000"
646,Chevrolet,Spark,1.0 BS3,2008,"83,000 km",Petrol,1st,Andhra Pradesh,"₹ 1,35,000"
647,Chevrolet,Beat,2010-2013 LT,2012,"136,000 km",Diesel,2nd,Andhra Pradesh,"₹ 2,00,000"
648,Chevrolet,Beat,LT Opt Petrol,2011,"75,000 km",Petrol,2nd,Andhra Pradesh,"₹ 1,85,000"
649,Chevrolet,Optra,1.8 LS,2004,"25,000 km",Petrol,2nd,Andhra Pradesh,"₹ 2,10,000"
650,Chevrolet,Spark,1.0 BS3,2010,"85,400 km",Petrol,2nd,Andhra Pradesh,"₹ 1,50,000"
651,Chevrolet,Beat,2010-2013 LS,2012,"54,000 km",Diesel,2nd,Andhra Pradesh,"₹ 1,85,000"
652,Chevrolet,Spark,LT 1.0 LPG,2012,"68,000 km",Petrol,2nd,Andhra Pradesh,"₹ 1,30,000"
653,Chevrolet,Tavera,2012-2017 Neo 3 9 Str BSIII,2014,"300,000 km",Diesel,3rd,Andhra Pradesh,"₹ 2,20,000"
654,Chevrolet,Spark,1.0 LS,2008,"42,000 km",Petrol,1st,Andhra Pradesh,"₹ 1,50,000"
655,Chevrolet,Enjoy,1.3 TCDi LS 8,2013,"116,000 km",Diesel,2nd,Andhra Pradesh,"₹ 2,90,000"
656,Chevrolet,Spark,2007-2012 1.0 LT,2011,"23,400 km",Petrol,1st,Andhra Pradesh,"₹ 1,50,000"
657,Chevrolet,Enjoy,2013-2015 TCDi LT 7 Seater,2013,"180,000 km",Diesel,1st,Andhra Pradesh,"₹ 3,19,999"
658,Chevrolet,Sail,1.3 LS,2014,"105,000 km",Diesel,2nd,Andhra Pradesh,"₹ 3,20,000"
659,Other Brands,Others,--,2019,"51,493 km",Diesel,1st,Andhra Pradesh,"₹ 2,10,000"
660,Other Brands,Others,--,2019,50 km,Petrol,1st,Andhra Pradesh,"₹ 40,000"
661,Other Brands,Others,--,2019,1 km,Electric,1st,Andhra Pradesh,"₹ 24,990"
662,Others,Cars,--,2016,"30,000 km",Diesel,2nd,Andhra Pradesh,"₹ 14,50,000"
663,Other Brands,Others,--,2009,"100,000 km",Diesel,2nd,Andhra Pradesh,"₹ 45,000"
664,Others,Cars,--,2017,"40,000 km",Diesel,2nd,Andhra Pradesh,"₹ 1,30,000"
665,Other Brands,Others,--,2014,"20,000 km",Diesel,3rd,Andhra Pradesh,"₹ 1,40,000"
666,Other Brands,Others,--,2014,"20,000 km",Diesel,2nd,Andhra Pradesh,"₹ 1,60,000"
667,Other Brands,Others,--,2008,"50,000 km",Diesel,3rd,Andhra Pradesh,"₹ 43,000"
668,Other Brands,Others,--,2020,"100,000 km",Petrol,1st,Andhra Pradesh,"₹ 1,65,000"
669,Other Brands,Others,1.2 Alpha,2021,300 km,Diesel,1st,Andhra Pradesh,"₹ 25,000"
670,Other Brands,Others,--,2009,"100,000 km",Diesel,2nd,Andhra Pradesh,"₹ 2,80,000"
671,Other Brands,Others,--,2021,100 km,CNG & Hybrids,1st,Andhra Pradesh,"₹ 30,000"
672,Other Brands,Others,--,2018,"1,700 km",Diesel,2nd,Andhra Pradesh,"₹ 1,80,000"
673,Other Brands,Others,--,2007,"90,000 km",Diesel,1st,Andhra Pradesh,"₹ 1,40,000"
674,Other Brands,Others,--,2012,"3,500 km",Diesel,2nd,Andhra Pradesh,"₹ 3,50,000"
675,Other Brands,Others,--,2013,"5,000 km",Diesel,2nd,Andhra Pradesh,"₹ 2,50,000"
676,Other Brands,Others,--,2011,"89,000 km",Petrol,2nd,Andhra Pradesh,"₹ 27,000"
677,Maruti Suzuki,Swift Dzire,VXi AT,2017,"46,000 km",Petrol,1st,Madhya Pradesh,"₹ 5,10,000"
678,Maruti Suzuki,Swift Dzire,AMT VXI,2018,"65,000 km",Petrol,1st,Madhya Pradesh,"₹ 5,45,000"
679,Maruti Suzuki,Alto K10,VXI AMT Optional,2015,"50,300 km",Petrol,1st,Madhya Pradesh,"₹ 3,50,000"
680,Maruti Suzuki,Eeco,Smiles 7 Seater Standard,2011,"60,000 km",Petrol,2nd,Madhya Pradesh,"₹ 1,70,000"
681,Maruti Suzuki,800,AC BSII,2000,10 km,LPG,2nd,Madhya Pradesh,"₹ 40,000"
682,Maruti Suzuki,800,DX BSII,2008,20 km,Petrol,2nd,Madhya Pradesh,"₹ 95,000"
683,Maruti Suzuki,Eeco,5 STR WITH A/C+HTR,2011,"80,000 km",LPG,1st,Madhya Pradesh,"₹ 2,20,000"
684,Maruti Suzuki,Omni,LPG BS-III,2021,300 km,LPG,3rd,Madhya Pradesh,"₹ 65,000"
685,Maruti Suzuki,Eeco,Smiles 5 Seater AC,2016,"2,500 km",CNG & Hybrids,1st,Madhya Pradesh,"₹ 30,000"
686,Maruti Suzuki,Ciaz,Smart Hybrid Delta,2019,"36,288 km",Diesel,1st,Madhya Pradesh,"₹ 7,50,000"
687,Maruti Suzuki,Vitara Brezza,LDi Option,2017,"65,000 km",Diesel,1st,Madhya Pradesh,"₹ 7,50,000"
688,Maruti Suzuki,Baleno,1.2 Delta,2018,"38,000 km",Diesel,1st,Madhya Pradesh,"₹ 6,50,000"
689,Zen Estilo,Cars,Zen Estilo LXI,2008,"64,000 km",Petrol,2nd,Madhya Pradesh,"₹ 1,70,000"
690,Maruti Suzuki,Swift,2018 ZXI Plus,2018,"35,000 km",Diesel,1st,Madhya Pradesh,"₹ 20,000"
691,Maruti Suzuki,800,Duo AC LPG,2003,0 km,LPG,3rd,Madhya Pradesh,"₹ 28,500"
692,Maruti Suzuki,Swift Dzire,VDI,2018,"68,000 km",Diesel,1st,Madhya Pradesh,"₹ 5,85,000"
693,Maruti Suzuki,Ritz,2009,LXI,63989 KM,PETROL/LIQUIFIED PETROLEUM GAS,Third,Madhya Pradesh,"₹ 2,60,000"
694,Maruti Suzuki,Alto,Std,2010,"46,000 km",Petrol,1st,Madhya Pradesh,"₹ 1,40,000"
695,Mahindra,e2o,T2,2013,"15,242 km",Electric,1st,Madhya Pradesh,"₹ 3,80,000"
696,Mahindra,XUV500,W11 AT,2018,"52,000 km",Diesel,1st,Madhya Pradesh,"₹ 14,00,000"
697,Mahindra,Bolero Power Plus,SLX,2017,"68,000 km",Diesel,1st,Madhya Pradesh,"₹ 6,50,000"
698,Mahindra,Jeep,Commander 650 DI,1998,"55,650 km",Diesel,1st,Madhya Pradesh,"₹ 1,70,000"
699,Mahindra,TUV 300,T4,2016,"170,000 km",Diesel,1st,Madhya Pradesh,"₹ 4,75,000"
700,Mahindra,Others,Others,2003,"200,500 km",Diesel,2nd,Madhya Pradesh,"₹ 2,10,000"
701,Mahindra,Thar,Others,2013,1 km,Electric,1st,Madhya Pradesh,"₹ 2,40,000"
702,Mahindra,Bolero,2001-2010 Plus Non AC,2007,"900,000 km",Diesel,3rd,Madhya Pradesh,"₹ 2,20,000"
703,Mahindra,Bolero,SLX,2012,"75,000 km",Diesel,3rd,Madhya Pradesh,"₹ 3,85,000"
704,Mahindra,Thar,CRDE 4X4 BS IV,2017,"44,500 km",Diesel,2nd,Madhya Pradesh,"₹ 5,00,000"
705,Mahindra,TUV 300,T8,2016,"67,542 km",Diesel,1st,Madhya Pradesh,"₹ 8,30,000"
706,Mahindra,XUV500,W8 4WD,2013,"70,000 km",Diesel,1st,Madhya Pradesh,"₹ 6,60,000"
707,Mahindra,XUV500,W10 2WD,2015,"59,000 km",Diesel,2nd,Madhya Pradesh,"₹ 13,50,000"
708,Mahindra,Bolero Pik-Up,FB 1.25T,2012,12 km,Diesel,4th,Madhya Pradesh,"₹ 4,20,000"
709,Mahindra,Others,Others,2018,"80,000 km",Diesel,1st,Madhya Pradesh,"₹ 3,20,000"
710,Mahindra,Bolero,SLE,2011,"62,000 km",Diesel,1st,Madhya Pradesh,"₹ 1,50,000"
711,Mahindra,Scorpio,2002-2013 LX 4X4,2013,"43,528 km",Diesel,2nd,Madhya Pradesh,"₹ 1,80,400"
712,Mahindra,Xylo,2009-2011 D4,2009,"143,000 km",Diesel,4th,Madhya Pradesh,"₹ 3,30,000"
713,Hyundai,Creta,1.6 CRDi AT SX Plus,2016,"57,000 km",Diesel,1st,Madhya Pradesh,"₹ 10,50,000"
714,Hyundai,Grand i10,1.2 Kappa Sportz Option AT,2018,"6,234 km",Petrol,1st,Madhya Pradesh,"₹ 4,65,000"
715,Hyundai,Santro,GS zipPlus,2002,"98,500 km",Petrol,2nd,Madhya Pradesh,"₹ 84,000"
716,Hyundai,EON,Era +,2016,"42,000 km",Petrol,2nd,Madhya Pradesh,"₹ 2,90,000"
717,Hyundai,EON,Era + LPG,2012,"56,000 km",Petrol,2nd,Madhya Pradesh,"₹ 2,15,000"
718,Hyundai,Santro,LE,2002,"55,000 km",LPG,3rd,Madhya Pradesh,"₹ 65,000"
719,Hyundai,Santro Xing,GLS,2010,"100,000 km",Petrol,2nd,Madhya Pradesh,"₹ 1,55,000"
720,Hyundai,i10,Era,2013,"25,000 km",Petrol,2nd,Madhya Pradesh,"₹ 2,20,000"
721,Hyundai,Verna,VTVT 1.6 SX,2021,"8,900 km",Petrol,1st,Madhya Pradesh,"₹ 12,80,000"
722,Hyundai,i20,2009-2011 Magna,2010,"56,256 km",Petrol,2nd,Madhya Pradesh,"₹ 2,40,000"
723,Hyundai,i20 Active,S Petrol,2017,"64,000 km",Petrol,1st,Madhya Pradesh,"₹ 5,25,000"
724,Hyundai,i10,Era,2013,"70,000 km",Petrol,1st,Madhya Pradesh,"₹ 2,25,000"
725,Hyundai,Elite i20,Asta 1.2,2018,"38,000 km",Petrol,1st,Madhya Pradesh,"₹ 8,35,000"
726,Hyundai,Xcent,2016-2017 1.1 CRDi S Celebration Edition,2016,"51,555 km",Diesel,1st,Madhya Pradesh,"₹ 3,10,000"
727,Hyundai,i10,Era,2012,"10,500 km",Petrol,1st,Madhya Pradesh,"₹ 2,25,000"
728,Hyundai,i10,2007-2010 Magna 1.2,2010,"45,000 km",Petrol,2nd,Madhya Pradesh,"₹ 2,20,000"
729,Hyundai,i10,Sportz 1.1 iRDE2,2015,"50,000 km",Petrol,1st,Madhya Pradesh,"₹ 3,55,000"
730,Hyundai,Verna,2011,1.6 SX VTVT (O),49794 KM,PETROL,Second,Madhya Pradesh,"₹ 5,70,000"
731,Indigo CS,Cars,CS GLS,2011,"100,000 km",Diesel,2nd,Madhya Pradesh,"₹ 1,60,000"
732,Tata,Indigo Ecs,eCS LS TDI,2011,"83,000 km",Diesel,2nd,Madhya Pradesh,"₹ 1,00,001"
733,Indica Vista,Cars,2008-2013 Aura 1.2 Safire BSIV,2010,"45,000 km",Diesel,3rd,Madhya Pradesh,"₹ 1,20,000"
734,Tata,Indica Vista,Quadrajet 90 VX,2009,"75,000 km",Diesel,2nd,Madhya Pradesh,"₹ 2,25,000"
735,Tata,Indica Vista,2008-2013 Aura 1.2 Safire BSIV,2009,"80,000 km",Petrol,2nd,Madhya Pradesh,"₹ 90,000"
736,Tata,Indica Vista,TDI LX,2012,"74,000 km",Diesel,1st,Madhya Pradesh,"₹ 1,85,000"
737,Tata,Others,Others,2009,"5,000 km",Diesel,2nd,Madhya Pradesh,"₹ 3,80,000"
738,Tata,Indica Vista,Others,2011,"72,000 km",Diesel,2nd,Madhya Pradesh,"₹ 1,25,000"
739,Tata,Manza,Club Class Quadrajet90 VX,2011,20 km,Diesel,1st,Madhya Pradesh,"₹ 2,51,000"
740,Tata,Safari Storme,LX,2013,"78,542 km",Diesel,2nd,Madhya Pradesh,"₹ 5,80,000"
741,Tata,Harrier,XM,2019,"27,866 km",Diesel,1st,Madhya Pradesh,"₹ 16,00,000"
742,Tata,Indigo Ecs,Others,2014,"33,528 km",Diesel,1st,Madhya Pradesh,"₹ 1,20,000"
743,Tata,Indigo Ecs,eCS LS TDI,2017,"60,000 km",Diesel,1st,Madhya Pradesh,"₹ 4,00,000"
744,Tata,Others,Others,2016,20 km,Diesel,1st,Madhya Pradesh,"₹ 2,10,000"
745,Tata,Indica V2,2009-2011 DLE BSII,2010,"111,200 km",Diesel,1st,Madhya Pradesh,"₹ 75,000"
746,Tata,Manza,Club Class Quadrajet90 EX,2012,"75,000 km",Diesel,3rd,Madhya Pradesh,"₹ 2,35,000"
747,Tata,Indigo Ecs,eCS LS CR4 BS-IV,2011,22 km,Diesel,2nd,Madhya Pradesh,"₹ 1,00,000"
748,Tata,Indica V2,2009-2011 DL,2018,35 km,Electric,1st,Madhya Pradesh,"₹ 1,51,000"
749,Maruti Suzuki,Swift,2011-2014 RS VDI,2011,"47,000 km",Diesel,3rd,Bihar,"₹ 1,85,000"
750,Maruti Suzuki,Vitara Brezza,Others,2020,"4,000 km",Petrol,1st,Bihar,"₹ 8,35,000"
751,Maruti Suzuki,Swift Dzire,VDI,2018,"45,000 km",Diesel,1st,Bihar,"₹ 5,30,001"
752,Maruti Suzuki,Alto 800,VXI,2016,"35,000 km",Petrol,2nd,Bihar,"₹ 2,55,000"
753,Maruti Suzuki,800,AC,2015,"450,000 km",Petrol,1st,Bihar,"₹ 2,41,000"
754,Maruti Suzuki,800,AC,2001,"40,000 km",Petrol,2nd,Bihar,"₹ 35,000"
755,Maruti Suzuki,Eeco,5 STR With AC Plus HTR (CNG),2016,"70,000 km",Diesel,1st,Bihar,"₹ 4,50,000"
756,Maruti Suzuki,Alto K10,Others,2016,"35,000 km",Petrol,1st,Bihar,"₹ 2,90,000"
757,Maruti Suzuki,Alto 800,2012-2016 LXI,2013,"37,000 km",Petrol,2nd,Bihar,"₹ 1,60,000"
758,Maruti Suzuki,Ciaz,2014-2017 ZDi,2016,"32,000 km",Diesel,1st,Bihar,"₹ 6,65,000"
759,Maruti Suzuki,Vitara Brezza,ZDi Plus Dual Tone,2016,"17,500 km",Diesel,1st,Bihar,"₹ 6,50,000"
760,Maruti Suzuki,Swift Dzire,ZXI 1.2,2010,"40,500 km",Petrol,1st,Bihar,"₹ 2,65,000"
761,Maruti Suzuki,Wagon R,LXI,2006,"100,000 km",Petrol,2nd,Bihar,"₹ 65,000"
762,Maruti Suzuki,800,Std MPFi,1993,"55,000 km",Petrol,2nd,Bihar,"₹ 55,000"
763,Maruti Suzuki,800,AC,2000,"40,000 km",Petrol,2nd,Bihar,"₹ 35,000"
764,Maruti Suzuki,Wagon R,1999-2006 LXI,2006,"55,000 km",Petrol,2nd,Bihar,"₹ 1,80,000"
765,Maruti Suzuki,Swift Dzire,VXI,2015,"71,400 km",Petrol,2nd,Bihar,"₹ 5,11,000"
766,Maruti Suzuki,Alto K10,LXI,2011,"60,000 km",Petrol,2nd,Bihar,"₹ 1,10,000"
767,Mahindra,Scorpio,S6 Plus,2015,0 km,Diesel,1st,Bihar,"₹ 7,75,000"
768,Mahindra,Scorpio,S7 140,2018,0 km,Diesel,1st,Bihar,"₹ 12,50,000"
769,Mahindra,Others,Others,2016,"19,000 km",Diesel,1st,Bihar,"₹ 4,00,000"
770,Mahindra,Scorpio,Intelli Hybrid S4 Plus 4WD,2017,"100,000 km",Diesel,1st,Bihar,"₹ 8,51,000"
771,Mahindra,Quanto,Others,2013,"86,000 km",Diesel,2nd,Bihar,"₹ 2,60,000"
772,Scorpio,Cars,2002-2013 M2DI,2012,"121,000 km",Diesel,4th,Bihar,"₹ 5,10,000"
773,Mahindra,Bolero Pik-Up,FB 1.25T,2016,"132,000 km",Diesel,2nd,Bihar,"₹ 5,50,000"
774,Mahindra,Others,Others,2018,"2,500 km",Diesel,1st,Bihar,"₹ 3,70,000"
775,Mahindra,XUV500,W6 1.99 mHawk,2014,"65,000 km",Diesel,2nd,Bihar,"₹ 5,25,000"
776,Mahindra,Scorpio,S4,2015,"68,000 km",Diesel,2nd,Bihar,"₹ 6,00,000"
777,Mahindra,XUV500,W8 2WD,2014,"56,000 km",Diesel,2nd,Bihar,"₹ 6,50,000"
778,Mahindra,Scorpio,S11,2018,"14,000 km",Diesel,1st,Bihar,"₹ 12,25,000"
779,Mahindra,Scorpio,2002-2013 2.6 SLX CRDe,2007,15 km,Diesel,2nd,Bihar,"₹ 3,20,000"
780,Mahindra,Bolero,2001-2010 GLX,2006,"205,000 km",Diesel,2nd,Bihar,"₹ 1,01,000"
781,Scorpio,Cars,2002-2013 EX BSIV,2014,"80,000 km",Diesel,2nd,Bihar,"₹ 5,10,000"
782,Mahindra,Bolero,SLE BSIII,2011,"65,000 km",Diesel,2nd,Bihar,"₹ 4,65,000"
783,Scorpio Getaway,Cars,Scorpio Getaway 4WD,2003,"100,000 km",Diesel,2nd,Bihar,"₹ 3,50,000"
784,Mahindra,Bolero,SLE,2011,"80,000 km",Diesel,--,Bihar,"₹ 3,50,000"
785,Tata,Indigo Ecs,2008-2012 LX (TDI) BS III,2013,"80,400 km",Diesel,2nd,Bihar,"₹ 1,50,000"
786,Tata,Safari Storme,EX,2013,"150,000 km",Diesel,1st,Bihar,"₹ 4,70,000"
787,Tata,Sumo Victa,LX,2006,"500,000 km",Diesel,2nd,Bihar,"₹ 1,50,000"
788,Tata,Others,Others,2009,30 km,Diesel,2nd,Bihar,"₹ 95,000"
789,Tata,Estate,Others,2010,"4,000 km",Diesel,2nd,Bihar,"₹ 7,25,000"
790,Tata,Sumo Gold,Gold-CX,2006,"800,000 km",Diesel,1st,Bihar,"₹ 1,50,000"
791,Tata,Sumo Grande,CX Turbo,2011,"92,000 km",Diesel,2nd,Bihar,"₹ 2,20,000"
792,Tata,Indica Vista,Terra Quadrajet BS-III,2011,"38,000 km",Diesel,1st,Bihar,"₹ 1,75,000"
793,Tata,Sumo Victa,DI EX 7/9 Str BSII,2011,"175,555 km",Diesel,2nd,Bihar,"₹ 1,80,000"
794,Tata,Indica Ev2,eV2 LS,2017,"100,000 km",Diesel,1st,Bihar,"₹ 1,38,000"
795,Tata,Safari,4x4 VX DiCOR 2.2 VTT,2008,"80,000 km",Diesel,1st,Bihar,"₹ 2,55,000"
796,Tata,Tiago,1.2 Revotron XZ,2018,"24,000 km",Petrol,1st,Bihar,"₹ 6,50,000"
797,Tata,Safari Storme,Others,2016,"85,000 km",Diesel,2nd,Bihar,"₹ 7,00,000"
798,Tata,Indigo Ecs,eCS VX CR4 BS-IV,2014,"46,112 km",Diesel,1st,Bihar,"₹ 1,85,000"
799,Tata,Safari,4x4 VX DiCOR 2.2 VTT,2010,"92,000 km",Diesel,1st,Bihar,"₹ 4,50,000"
800,Tata,Indigo CS,CS LS TDI,2008,"92,000 km",Diesel,2nd,Bihar,"₹ 95,000"
801,Tata,Tiago,XZ Plus,2020,"67,150 km",Petrol,2nd,Bihar,"₹ 16,500"
802,Tata,Others,Others,2020,"9,600 km",Diesel,1st,Bihar,"₹ 3,25,000"
803,Hyundai,Santro,Others,2003,"100,000 km",Petrol,1st,Bihar,"₹ 1,12,000"
804,Hyundai,Elite i20,Era Diesel,2010,"56,000 km",Diesel,1st,Bihar,"₹ 1,40,000"
805,Hyundai,EON,1.0 Era Plus,2015,"44,000 km",Petrol,1st,Bihar,"₹ 2,20,000"
806,Hyundai,i10,1.1L iRDE ERA Special Edition,2009,"103,200 km",Petrol,2nd,Bihar,"₹ 1,25,000"
807,Hyundai,i20,2009-2011 Magna,2011,"48,000 km",Petrol,2nd,Bihar,"₹ 2,20,000"
808,Hyundai,Grand i10,Sportz 1.2 Kappa VTVT,2019,15 km,Petrol,1st,Bihar,"₹ 6,00,000"
809,Hyundai,i10,Magna,2008,"57,567 km",Petrol,2nd,Bihar,"₹ 1,65,000"
810,Hyundai,i20,2015-2017 Asta Option 1.2,2015,"62,000 km",Diesel,2nd,Bihar,"₹ 3,85,000"
811,Hyundai,EON,Era +,2019,"3,800 km",Petrol,1st,Bihar,"₹ 3,25,000"
812,Hyundai,Verna,2011-2014 1.6 CRDI,2014,"52,000 km",Diesel,2nd,Bihar,"₹ 5,10,000"
813,Hyundai,Fluidic Verna,1.6 CRDi SX,2017,"33,000 km",Diesel,2nd,Bihar,"₹ 5,40,000"
814,Hyundai,Grand i10,1.2 CRDi Asta,2016,"35,000 km",Diesel,2nd,Bihar,"₹ 4,60,000"
815,Hyundai,Creta,1.6 SX Option Diesel,2017,"26,500 km",Diesel,1st,Bihar,"₹ 9,65,000"
816,Hyundai,Santro Xing,Others,2009,15 km,Petrol,3rd,Bihar,"₹ 1,50,000"
817,Hyundai,Accent,Others,2005,"98,988 km",Petrol,2nd,Bihar,"₹ 70,000"
818,Hyundai,Accent,GLS,2010,"98,780 km",Petrol,3rd,Bihar,"₹ 1,40,000"
819,Hyundai,i10,1.2 Kappa Magna,2008,"89,000 km",Petrol,2nd,Bihar,"₹ 1,89,000"
820,Hyundai,Creta,1.6 SX,2015,"50,000 km",Diesel,1st,Bihar,"₹ 9,65,000"
821,Honda,City,2008-2011 1.5 V MT,2010,"50,000 km",Petrol,1st,Bihar,"₹ 1,98,000"
822,Honda,Civic,CVT i-vtec,2008,"70,000 km",Petrol,1st,Bihar,"₹ 2,75,000"
823,City ZX,Cars,Others,2008,"120,000 km",Petrol,2nd,Bihar,"₹ 1,70,000"
824,Honda,City,2014-2015 i DTEC SV,2014,"75,000 km",Diesel,1st,Bihar,"₹ 6,35,000"
825,Honda,Civic,1.8 (E) MT,2007,"90,000 km",Petrol,2nd,Bihar,"₹ 1,50,000"
826,Honda,City,2008-2011 1.5 V Elegance,2010,"50,000 km",Petrol,2nd,Bihar,"₹ 2,00,000"
827,Honda,City,i-DTEC SV,2014,"845,404 km",Diesel,2nd,Bihar,"₹ 5,80,000"
828,Jazz,Cars,1.2 VX i VTEC,2016,"49,410 km",Petrol,2nd,Bihar,"₹ 4,50,000"
829,Honda,Amaze,2013-2016 S AT i-Vtech,2014,"40,371 km",Diesel,2nd,Bihar,"₹ 2,95,000"
830,Honda,City,2014-2015 i DTEC VX Option,2014,"48,000 km",Diesel,1st,Bihar,"₹ 6,35,000"
831,Honda,BR-V,i-DTEC V MT,2018,"16,000 km",Diesel,1st,Bihar,"₹ 7,75,000"
832,Honda,Civic,1.8 (E) MT,2008,18 km,Petrol,2nd,Bihar,"₹ 1,95,000"
833,Honda,Amaze,E Diesel,2016,"51,000 km",Diesel,1st,Bihar,"₹ 4,95,000"
834,Honda,Amaze,1.5 SMT I DTEC,2020,"45,000 km",Diesel,1st,Bihar,"₹ 5,00,000"
835,Honda,City,--,2013,"59,000 km",Petrol,1st,Bihar,"₹ 6,35,000"
836,Honda,City ZX,Others,2017,"22,000 km",Diesel,1st,Bihar,"₹ 9,00,000"
837,Honda,Amaze,1.5 SMT I DTEC,2015,"45,000 km",Diesel,1st,Bihar,"₹ 3,85,000"
838,Honda,Brio,1.2 S MT,2013,"42,000 km",Petrol,1st,Bihar,"₹ 2,75,000"
839,Chevrolet,Beat,Diesel LS,2013,"75,000 km",Diesel,2nd,Bihar,"₹ 1,50,000"
840,Chevrolet,Aveo U-VA,1.2 LT WO ABS,2007,"75,000 km",Petrol,2nd,Bihar,"₹ 85,000"
841,Chevrolet,Spark,2007-2012 Muzic 1.0 LS,2013,"21,000 km",Petrol,1st,Bihar,"₹ 1,60,000"
842,Chevrolet,Spark,2007-2012 1.0 LT Option Pack,2009,"80,000 km",Petrol,1st,Bihar,"₹ 1,10,000"
843,Chevrolet,Spark,2007-2012 1.0 LT,2008,"37,545 km",Petrol,2nd,Bihar,"₹ 87,000"
844,Chevrolet,Aveo,1.4 LS,2011,15 km,Petrol,2nd,Bihar,"₹ 2,05,000"
845,Chevrolet,Aveo,1.4,2009,"80,000 km",Petrol,2nd,Bihar,"₹ 2,40,000"
846,Chevrolet,Beat,2010-2013 LS,2010,"9,000 km",Petrol,1st,Bihar,"₹ 1,20,000"
847,Chevrolet,Beat,2010-2013 LT,2012,"45,000 km",Petrol,2nd,Bihar,"₹ 1,50,000"
848,Chevrolet,Beat,2014-2016 Diesel PS,2015,"35,000 km",Diesel,1st,Bihar,"₹ 2,00,000"
849,Chevrolet,Spark,E 1.0,2010,"34,002 km",Petrol,2nd,Bihar,"₹ 1,25,000"
850,Chevrolet,Beat,LT Opt Petrol,2011,"136,000 km",Petrol,1st,Bihar,"₹ 85,000"
851,Chevrolet,Beat,LT,2012,"46,000 km",Petrol,1st,Bihar,"₹ 1,90,000"
852,Chevrolet,Beat,Diesel LTZ,2011,"25,200 km",Diesel,2nd,Bihar,"₹ 1,95,000"
853,Chevrolet,Spark,2007-2012 1.0 LT,2009,"60,890 km",Petrol,4th,Bihar,"₹ 1,50,000"
854,Chevrolet,Spark,2007-2012 1.0 LT,2011,"32,000 km",Petrol,2nd,Bihar,"₹ 65,000"
855,Chevrolet,Beat,2010-2013 LT,2010,"40,000 km",Petrol,2nd,Bihar,"₹ 2,00,000"
856,Chevrolet,Aveo U-VA,1.2 LT,2008,"43,000 km",Petrol,1st,Bihar,"₹ 1,45,000"
857,Renault,KWID,CAPTAIN AMERICA 1.0 AMT,2016,"60,000 km",Petrol,1st,Bihar,"₹ 3,40,000"
858,Renault,KWID,1.0 RXT AMT,2018,"15,000 km",Petrol,1st,Bihar,"₹ 3,49,999"
859,KWID,Cars,RXT,2018,"41,000 km",Petrol,1st,Bihar,"₹ 2,70,000"
860,Renault,KWID,RXT,2017,"48,632 km",Petrol,2nd,Bihar,"₹ 2,65,000"
861,Renault,Duster,110PS Diesel RxL,2015,"59,000 km",Diesel,1st,Bihar,"₹ 4,99,000"
862,Renault,KWID,1.0 RXL,2018,"30,000 km",Petrol,2nd,Bihar,"₹ 2,60,000"
863,Renault,Duster,110PS Diesel RxL,2015,"93,000 km",Diesel,1st,Bihar,"₹ 5,25,000"
864,Renault,KWID,1.0 RXL,2017,"84,000 km",Petrol,1st,Bihar,"₹ 35,000"
865,Renault,KWID,1.0 RXT,2017,"45,000 km",Petrol,1st,Bihar,"₹ 2,75,000"
866,Renault,KWID,1.0 RXT EDITION,2016,"49,000 km",Petrol,1st,Bihar,"₹ 2,95,000"
867,Renault,KWID,RXE,2016,"35,000 km",Petrol,1st,Bihar,"₹ 2,51,000"
868,Renault,Duster,2012-2015 110PS Diesel RxL,2014,"45,000 km",Diesel,2nd,Bihar,"₹ 6,00,000"
869,Renault,Duster,1.5 Petrol RXL,2019,"60,000 km",Petrol,1st,Bihar,"₹ 7,50,000"
870,Renault,KWID,1.0 RXT,2018,"27,800 km",Petrol,1st,Bihar,"₹ 2,98,500"
871,Renault,Lodgy,85PS RxE 7 Seater,2017,"33,000 km",Diesel,1st,Bihar,"₹ 5,00,000"
872,Renault,KWID,1.0 RXT,2018,"40,000 km",Petrol,1st,Bihar,"₹ 3,00,000"
873,Renault,KWID,Climber 1.0 MT Opt,2020,"20,000 km",Petrol,1st,Bihar,"₹ 3,80,000"
874,Renault,Duster,110PS Diesel RxZ,2013,"52,000 km",Diesel,2nd,Bihar,"₹ 5,99,999"
875,Toyota,Innova,2.5,ZX Diesel 7 Seater BS-III,70000 KM,DIESEL,First,Bihar,"₹ 1,70,000"
876,Toyota,Fortuner,3.0 4x4 Automatic,2013,"64,000 km",Diesel,2nd,Bihar,"₹ 15,50,000"
877,Toyota,Innova Crysta,2.8 ZX AT,2020,"12,500 km",Diesel,1st,Bihar,"₹ 20,11,000"
878,Toyota,Innova,2.5 EV Diesel MS 7 Str BSIII,2008,"75,000 km",Diesel,2nd,Bihar,"₹ 4,80,000"
879,Toyota,Innova,2.5 EV Diesel PS W/O A/C 8,2006,"100,020 km",Diesel,2nd,Bihar,"₹ 3,00,000"
880,Toyota,Innova,2.5 G (Diesel) 7-Seater,2009,"130,000 km",Diesel,4th,Bihar,"₹ 4,75,999"
881,Toyota,Yaris,Yaris,2021,30 km,Petrol,1st,Bihar,"₹ 7,00,000"
882,Toyota,Innova,2012-2013 2.5 E Diesel MS 8-seater,2013,"130,000 km",Diesel,1st,Bihar,"₹ 7,11,000"
883,Toyota,Innova Crysta,2.8Z Automatic,2016,"70,000 km",Diesel,1st,Bihar,"₹ 17,00,000"
884,Toyota,Innova Crysta,2.4 VX MT,2018,"37,000 km",Diesel,1st,Bihar,"₹ 17,00,000"
885,Toyota,Innova,2.5 EV Diesel PS 7 Seater BSIII,2008,"110,000 km",Diesel,1st,Bihar,"₹ 3,65,000"
886,Toyota,Etios,1.4 VXD,2018,"40,000 km",Diesel,2nd,Bihar,"₹ 7,00,001"
887,Toyota,Innova,2.5 EV MS 8 STR,2010,"274,000 km",Diesel,2nd,Bihar,"₹ 2,80,000"
888,Toyota,Fortuner,3.0 4x4 Manual,2009,"65,234 km",Diesel,1st,Bihar,"₹ 12,00,000"
889,Toyota,Etios Cross,1.4 VD X Edition,2015,"70,000 km",Diesel,1st,Bihar,"₹ 4,50,000"
890,Toyota,Fortuner,2011-2016 4x2 Manual,2010,"70,000 km",Diesel,1st,Bihar,"₹ 9,97,000"
891,Toyota,Innova,2.5 GX 7 STR BS III,2011,"120,000 km",Diesel,1st,Bihar,"₹ 6,50,000"
892,Toyota,Innova,2.5,GX 7 STR BS-III,120000 KM,DIESEL,Second,Bihar,"₹ 3,60,000"
893,Other Brands,Others,--,2000,"2,000 km",Petrol,1st,Bihar,"₹ 50,000"
894,Other Brands,Others,--,2009,"25,000 km",Petrol,1st,Bihar,"₹ 35,000"
895,Other Brands,Others,--,2008,"8,000 km",Petrol,3rd,Bihar,"₹ 40,000"
896,Other Brands,Others,--,2020,"30,000 km",Petrol,1st,Bihar,"₹ 30,000"
897,Other Brands,Others,--,2016,"30,000 km",Electric,1st,Bihar,"₹ 65,000"
898,Other Brands,Others,--,2011,"6,000 km",Diesel,1st,Bihar,"₹ 2,00,000"
899,Other Brands,Others,--,2014,500 km,Diesel,1st,Bihar,"₹ 3,50,000"
900,Other Brands,Others,--,2013,"35,000 km",Diesel,2nd,Bihar,"₹ 65,000"
901,Other Brands,Others,--,2020,"5,000 km",Electric,1st,Bihar,"₹ 1,01,000"
902,Other Brands,Others,--,2020,400 km,Diesel,1st,Bihar,"₹ 5,80,000"
903,Other Brands,Others,--,2019,20 km,Diesel,1st,Bihar,"₹ 6,15,000"
904,Other Brands,Others,--,2020,"15,000 km",Diesel,1st,Bihar,"₹ 25,000"
905,Other Brands,Others,--,2015,30 km,Diesel,1st,Bihar,"₹ 98,000"
906,Other Brands,Others,--,2020,"19,900 km",Diesel,1st,Bihar,"₹ 1,65,000"
907,Other Brands,Others,--,2012,"39,000 km",Petrol,1st,Bihar,"₹ 1,27,000"
908,Other Brands,Others,--,2011,"2,000 km",Diesel,2nd,Bihar,"₹ 3,10,000"
909,Other Brands,Others,--,2017,"5,200 km",Diesel,1st,Bihar,"₹ 60,000"
910,Other Brands,Others,--,2021,"4,000 km",Diesel,1st,Bihar,"₹ 22,00,000"
911,Maruti Suzuki,Alto K10,LXI,2016,"53,000 km",Petrol,1st,Assam,"₹ 3,75,000"
912,Maruti Suzuki,Swift Dzire,AMT ZXI Plus,2017,"3,700 km",Petrol,1st,Assam,"₹ 6,35,000"
913,Maruti Suzuki,Celerio,ZXI Optional AMT,2017,"21,800 km",Petrol,1st,Assam,"₹ 3,30,000"
914,Maruti Suzuki,Alto K10,VXI AMT,2018,"30,000 km",Petrol,1st,Assam,"₹ 3,19,000"
915,Maruti Suzuki,Alto K10,VXI,2011,"49,000 km",Petrol,1st,Assam,"₹ 1,75,000"
916,Maruti Suzuki,Omni,MPI STD BSIII 8-STR W/ IMMOBILISER,2011,"70,000 km",Petrol,1st,Assam,"₹ 1,90,000"
917,Maruti Suzuki,800,AC BSIII,2012,"36,000 km",Petrol,1st,Assam,"₹ 1,20,000"
918,Maruti Suzuki,Swift Dzire,VXI,2010,"76,000 km",Petrol,1st,Assam,"₹ 2,60,000"
919,Maruti Suzuki,Omni,8 Seater BSII,1995,"70,000 km",Petrol,1st,Assam,"₹ 80,000"
920,Maruti Suzuki,Swift,VVT VXI,2014,"38,000 km",Petrol,1st,Assam,"₹ 4,00,000"
921,Maruti Suzuki,Swift,2011-2014 RS VDI,2014,"53,100 km",Diesel,1st,Assam,"₹ 3,60,000"
922,Maruti Suzuki,Alto 800,LXI,2014,"47,000 km",Petrol,1st,Assam,"₹ 2,80,000"
923,Maruti Suzuki,Omni,E MPI STD BSIV,2017,"32,000 km",Petrol,1st,Assam,"₹ 2,35,000"
924,Maruti Suzuki,Ertiga,VDI,2017,"48,254 km",Diesel,1st,Assam,"₹ 4,85,000"
925,Maruti Suzuki,Alto K10,K10 VXi (O),2012,"43,000 km",Petrol,1st,Assam,"₹ 2,45,000"
926,Maruti Suzuki,Others,Others,2005,"500,000 km",Petrol,2nd,Assam,"₹ 80,000"
927,Maruti Suzuki,Alto,2000-2005 LXI,2007,"50,000 km",Petrol,1st,Assam,"₹ 1,10,000"
928,Maruti Suzuki,Alto,2005-2010 LX BSIII,2009,"75,000 km",Petrol,1st,Assam,"₹ 1,10,000"
929,Hyundai,EON,Sportz,2014,"33,000 km",Petrol,2nd,Assam,"₹ 2,80,000"
930,Hyundai,Santro Xing,Others,2004,"90,000 km",Petrol,2nd,Assam,"₹ 1,00,000"
931,Hyundai,Santa Fe,4WD AT,2012,"75,222 km",Diesel,1st,Assam,"₹ 8,30,000"
932,Hyundai,Grand i10 Nios,Sportz,2021,"24,000 km",Petrol,1st,Assam,"₹ 6,80,000"
933,Hyundai,Santro Xing,AE GLS Audio,2005,"69,000 km",Petrol,2nd,Assam,"₹ 80,000"
934,Hyundai,Grand i10,2016-2017 Asta Option,2017,"51,000 km",Petrol,1st,Assam,"₹ 4,25,000"
935,Hyundai,i20,2009-2011 1.4 Magna ABS,2011,"51,000 km",Petrol,1st,Assam,"₹ 2,45,000"
936,Hyundai,Santro Xing,XO,2006,"41,000 km",Petrol,2nd,Assam,"₹ 1,55,000"
937,Hyundai,i10,2007-2010 Magna 1.2,2009,"77,000 km",Petrol,1st,Assam,"₹ 1,35,000"
938,Hyundai,i10,Sportz,2018,"37,000 km",Petrol,1st,Assam,"₹ 4,00,000"
939,Hyundai,Grand i10,1.2 Kappa Sportz,2014,"52,000 km",Petrol,1st,Assam,"₹ 4,30,000"
940,Hyundai,i10,Magna,2011,"58,000 km",Petrol,1st,Assam,"₹ 2,50,000"
941,Hyundai,i10,1.2 Kappa SPORTZ,2012,"38,000 km",Petrol,1st,Assam,"₹ 2,85,000"
942,Hyundai,i10,2007-2010 Sportz 1.2,2009,"140,000 km",Petrol,4th,Assam,"₹ 1,90,000"
943,Hyundai,Verna,CRDi 1.6 AT SX Plus,2012,"70,000 km",Diesel,1st,Assam,"₹ 2,40,000"
944,Hyundai,Santro,LS,2011,"36,000 km",Petrol,2nd,Assam,"₹ 1,80,000"
945,Hyundai,i20,2012-2014 Sportz 1.4 CRDi,2014,"90,000 km",Petrol,1st,Assam,"₹ 3,65,000"
946,Hyundai,i20,2010-2012 1.2 Magna,2010,"62,000 km",Petrol,1st,Assam,"₹ 2,70,000"
947,Tata,Nano,2012-2015 STD,2013,"90,740 km",Petrol,2nd,Assam,"₹ 46,000"
948,Tata,Indigo Ecs,eCS GLS,2013,"80,000 km",Diesel,2nd,Assam,"₹ 1,20,000"
949,Tata,Sumo Victa,LX,2007,0 km,Diesel,1st,Assam,"₹ 1,60,000"
950,Tata,Winger,Others,2010,"90,000 km",Diesel,2nd,Assam,"₹ 1,50,000"
951,Tata,Nano,2009-2011 Std,2009,"69,836 km",Diesel,2nd,Assam,"₹ 56,000"
952,Tata,Others,Others,2007,"300,000 km",Diesel,1st,Assam,"₹ 7,80,000"
953,Tata,Others,Others,2014,"150,000 km",Diesel,1st,Assam,"₹ 7,00,000"
954,Tata,Others,Others,2017,"43,000 km",Diesel,1st,Assam,"₹ 1,75,000"
955,Tata,Vista,Others,2021,"170,000 km",Diesel,4th,Assam,"₹ 2,10,000"
956,Tata,Tiago,1.05 Revotorq XM Option,2019,"19,010 km",Diesel,1st,Assam,"₹ 3,80,000"
957,Tata,Tigor,XZ Plus,2017,"47,522 km",Petrol,1st,Assam,"₹ 4,50,000"
958,Tata,Indigo Ecs,2008-2012 LE (TDI) BS-III,2008,"147,149 km",Diesel,4+,Assam,"₹ 60,000"
959,Tata,Nano,2012-2015 CNG LX,2013,"69,000 km",Petrol,2nd,Assam,"₹ 75,000"
960,Tata,Safari,Dicor LX 4X2 BS IV,2008,"55,000 km",Diesel,1st,Assam,"₹ 1,80,000"
961,Tata,Nano,2012-2015 Lx BSIV,2015,"45,000 km",Petrol,1st,Assam,"₹ 50,000"
962,Tata,Others,Others,2018,15 km,Diesel,1st,Assam,"₹ 1,50,000"
963,Tata,Indica V2 Xeta,1.4 GLS BSIII,2008,"38,308 km",Diesel,1st,Assam,"₹ 75,000"
964,Tata,Others,Others,2021,56 km,Petrol,1st,Assam,"₹ 3,99,000"
965,Mahindra,Thar,Others,2021,700 km,Diesel,1st,Assam,"₹ 18,71,000"
966,Mahindra,Bolero,2001-2010 DI AC BSIII,2010,"73,000 km",Petrol,2nd,Assam,"₹ 3,90,000"
967,Mahindra,Xylo,2009-2011 Celebration Edition,2012,"80,000 km",Diesel,2nd,Assam,"₹ 3,60,000"
968,Mahindra,Xylo,2012-2014 E8 ABS BS III,2012,"15,000 km",Diesel,2nd,Assam,"₹ 2,60,000"
969,Mahindra,Bolero,2001-2010 SLX 2WD BSIII,2007,"90,000 km",Diesel,2nd,Assam,"₹ 2,50,000"
970,Mahindra,XUV500,W10 AWD,2018,"34,500 km",Diesel,1st,Assam,"₹ 15,50,000"
971,Mahindra,Others,Others,2012,"100,000 km",Diesel,1st,Assam,"₹ 1,60,000"
972,Mahindra,Others,Others,2010,85 km,Diesel,2nd,Assam,"₹ 1,25,000"
973,Mahindra,Others,Others,2015,"786,602 km",Diesel,1st,Assam,"₹ 2,50,000"
974,Mahindra,Bolero Pik-Up,Others,2018,"13,000 km",Diesel,1st,Assam,"₹ 6,00,000"
975,Mahindra,Scorpio,S11,2020,"63,000 km",Diesel,1st,Assam,"₹ 15,85,000"
976,Mahindra,Scorpio,2009-2014 VLX 4WD ABS BSIII,2012,"135,000 km",Diesel,1st,Assam,"₹ 6,25,000"
977,Mahindra,Scorpio,S11,2019,"32,348 km",Diesel,1st,Assam,"₹ 16,20,000"
978,Mahindra,Bolero,ZLX BSIII,2014,"83,000 km",Diesel,1st,Assam,"₹ 4,50,000"
979,Mahindra,Bolero Power Plus,ZLX,2019,"27,500 km",Diesel,1st,Assam,"₹ 7,50,000"
980,Mahindra,Scorpio,S11,2020,"18,817 km",Diesel,1st,Assam,"₹ 15,50,000"
981,Mahindra,Scorpio,S11,2018,"49,000 km",Diesel,2nd,Assam,"₹ 13,31,000"
982,Mahindra,Scorpio,S10,2016,"73,000 km",Diesel,1st,Assam,"₹ 13,31,000"
983,Ford,Ecosport,1.5 Petrol Titanium Plus AT,2014,"38,000 km",Petrol,2nd,Assam,"₹ 7,35,000"
984,Ford,Endeavour,3.2 Titanium AT 4X4,2016,"55,000 km",Diesel,1st,Assam,"₹ 27,85,000"
985,Ford,Figo,1.2P Ambiente ABS MT,2011,"56,000 km",Diesel,3rd,Assam,"₹ 1,65,000"
986,Ford,Ikon,1.3 Flair,2006,"45,000 km",Petrol,2nd,Assam,"₹ 1,10,000"
987,Ford,Ecosport,1.5 Petrol Titanium,2016,"21,000 km",Petrol,1st,Assam,"₹ 8,50,000"
988,Ford,Endeavour,2009-2014 Hurricane LE,2010,"100,000 km",Diesel,2nd,Assam,"₹ 5,70,000"
989,Ford,Figo,1.2P Sports Edition MT,2012,"92,000 km",Petrol,1st,Assam,"₹ 2,50,000"
990,Ford,Figo,Titatinium Blu 1.5L TDCi,2011,"122,325 km",Diesel,2nd,Assam,"₹ 1,25,000"
991,Ford,Ecosport,1.5 Petrol Titanium,2014,"64,450 km",Petrol,2nd,Assam,"₹ 4,50,000"
992,Ford,Figo,2010-2012 Diesel LXI,2011,"70,000 km",Diesel,1st,Assam,"₹ 2,45,000"
993,Ford,Fiesta,1.5 TDCi Titanium,2012,"59,000 km",Petrol,2nd,Assam,"₹ 2,45,000"
994,Ford,Figo,1.2P Trend MT,2016,"60,000 km",Petrol,1st,Assam,"₹ 2,86,000"
995,Ford,Figo,1.2P Ambiente MT,2016,"35,000 km",Petrol,1st,Assam,"₹ 3,10,000"
996,Ford,Ikon,1.6 EXi NXt,2002,"86,465 km",Petrol,--,Assam,"₹ 50,000"
997,Ford,Figo,Duratec Titanium 1.2,2011,"140,000 km",Diesel,1st,Assam,"₹ 1,50,000"
998,Ford,Ecosport,--,2014,"101,922 km",Diesel,--,Assam,"₹ 5,50,000"
999,Ford,Ecosport,1.5 Ti VCT MT Ambiente,2014,"41,973 km",Diesel,1st,Assam,"₹ 5,60,000"
1000,Ford,Ecosport,2013-2015 1.0 Ecoboost Titanium,2013,"47,862 km",Diesel,1st,Assam,"₹ 6,40,000"
1001,Chevrolet,Sail,1.2 LS,2015,57 km,Petrol,1st,Assam,"₹ 2,30,000"
1002,"Chevrolet
/","Chevrolet
/",Others,2017,"56,000 km",Petrol,3rd,Assam,"₹ 1,20,000"
1003,"Chevrolet
/","Chevrolet
/",2010-2013 Diesel LT,2012,"97,000 km",Diesel,1st,Assam,"₹ 1,00,000"
1004,"Chevrolet
/","Chevrolet
/",Diesel LT,2014,"38,000 km",Diesel,1st,Assam,"₹ 1,45,000"
1005,Chevrolet,Aveo,1.4,2007,"67,098 km",Petrol,2nd,Assam,"₹ 1,95,000"
1006,Chevrolet,Aveo,1.4 LT with ABS,2009,"120,000 km",Petrol,1st,Assam,"₹ 1,70,000"
1007,Chevrolet,Spark,2007-2012 1.0 LS,2012,"810,000 km",Petrol,1st,Assam,"₹ 1,40,000"
1008,Chevrolet,Corvette,New,2009,"89,000 km",Petrol,2nd,Assam,"₹ 1,40,000"
1009,Chevrolet,Spark,2007-2012 1.0 LS,2007,"75,000 km",Petrol,2nd,Assam,"₹ 1,00,000"
1010,Chevrolet,Others,Others,2009,"36,000 km",Petrol,2nd,Assam,"₹ 90,000"
1011,Chevrolet,Sail U-VA,1.3 LS,2014,"47,000 km",Petrol,2nd,Assam,"₹ 1,85,000"
1012,Chevrolet,Spark,Others,2009,"55,000 km",Petrol,3rd,Assam,"₹ 1,15,000"
1013,Chevrolet,Aveo U-VA,1.2 LS,2007,"56,000 km",Petrol,2nd,Assam,"₹ 90,000"
1014,Chevrolet,Aveo U-VA,1.2 LS,2008,"45,256 km",Petrol,1st,Assam,"₹ 1,48,000"
1015,Chevrolet,Sail Hatchback,1.2 LT ABS,2012,0 km,Petrol,1st,Assam,"₹ 60,000"
1016,Chevrolet,Beat,2010-2013 LT,2012,90 km,Diesel,1st,Assam,"₹ 1,55,000"
1017,Chevrolet,Beat,2010-2013 Diesel LT,2012,"140,000 km",Diesel,2nd,Assam,"₹ 1,10,000"
1018,Chevrolet,Enjoy,1.4 LT 7,2013,"65,000 km",Diesel,1st,Assam,"₹ 3,20,000"
1019,Chevrolet,Beat,2014-2016 Diesel LT,2013,"69,097 km",Diesel,1st,Assam,"₹ 1,50,000"
1020,Toyota,Innova,2009-2011 2.0 G4 Petrol 8-seater,2005,"190,000 km",Petrol,1st,Assam,"₹ 4,30,000"
1021,Toyota,Innova,2.5 EV Diesel PS W/O A/C 8,2010,"125,000 km",Diesel,2nd,Assam,"₹ 5,00,000"
1022,Toyota,Innova,2.5 G (Diesel) 8 - Seater,2011,"153,000 km",Diesel,2nd,Assam,"₹ 5,10,000"
1023,Toyota,Etios,2010-2012 G,2011,"90,000 km",Petrol,2nd,Assam,"₹ 2,95,000"
1024,Toyota,Others,Others,1992,"15,000 km",Electric,1st,Assam,"₹ 15,000"
1025,Toyota,Innova,2.5 EV Diesel PS W/O A/C 7,2014,"91,000 km",Diesel,2nd,Assam,"₹ 10,70,000"
1026,Toyota,Innova,2.5 V 7 STR,2009,"173,000 km",Diesel,2nd,Assam,"₹ 7,00,000"
1027,Toyota,Innova Crysta,2.8 GX AT 8S,2016,"140,000 km",Diesel,1st,Assam,"₹ 12,50,000"
1028,Toyota,Etios Liva,1.4 GD,2012,"75,000 km",Diesel,2nd,Assam,"₹ 2,75,000"
1029,Toyota,Innova,2.5 V 7 STR,2011,"103,000 km",Diesel,1st,Assam,"₹ 6,20,000"
1030,Toyota,Corolla Altis,1.8 G,2010,"66,000 km",Petrol,1st,Assam,"₹ 3,95,000"
1031,Toyota,Etios,2014-2016 VX,2014,"43,000 km",Petrol,1st,Assam,"₹ 3,00,000"
1032,Toyota,Etios,1.4 VD,2015,"19,000 km",Diesel,1st,Assam,"₹ 15,000"
1033,Toyota,Innova,2.5 G (Diesel) 8 Seater,2011,"80,000 km",Diesel,2nd,Assam,"₹ 3,95,000"
1034,Toyota,Corolla Altis,2010-2013 Diesel D4DG,2012,22 km,Diesel,1st,Assam,"₹ 5,80,000"
1035,Toyota,Innova,2.5 V 7 STR,2016,"120,000 km",Diesel,1st,Assam,"₹ 8,45,000"
1036,Toyota,Glanza,G,2021,0 km,Petrol,1st,Assam,"₹ 8,44,596"
1037,Toyota,Innova,2.5 G (Diesel) 8 - Seater,2016,"84,911 km",Diesel,2nd,Assam,"₹ 8,45,000"
1038,Renault,Kwid EV,Others,2018,"52,000 km",Petrol,1st,Assam,"₹ 2,90,000"
1039,Renault,Duster,Petrol RXS CVT,2018,"69,325 km",Petrol,1st,Assam,"₹ 6,95,000"
1040,Renault,KWID,RXT,2016,"40,000 km",Petrol,2nd,Assam,"₹ 2,10,000"
1041,Renault,KWID,1.0 RXT AMT,2017,"50,000 km",Petrol,1st,Assam,"₹ 2,40,000"
1042,Renault,Duster,2012-2015 110PS Diesel RxZ,2015,"70,000 km",Diesel,1st,Assam,"₹ 4,90,000"
1043,Renault,Scala,RxL Petrol,2014,"73,915 km",Petrol,2nd,Assam,"₹ 3,70,000"
1044,Renault,Triber,RXZ,2020,"12,000 km",Petrol,1st,Assam,"₹ 40,000"
1045,Renault,KWID,1.0 RXT AMT Opt,2016,"42,000 km",Petrol,1st,Assam,"₹ 2,80,000"
1046,Renault,KWID,1.0 RXT AMT,2017,"23,000 km",Petrol,2nd,Assam,"₹ 3,20,000"
1047,Renault,KWID,1.0 RXT Optional,2017,"25,000 km",Petrol,1st,Assam,"₹ 3,00,000"
1048,Renault,KWID,RXE,2017,"43,000 km",Petrol,1st,Assam,"₹ 2,10,000"
1049,Renault,KWID,1.0 RXT,2018,"26,000 km",Petrol,1st,Assam,"₹ 3,45,000"
1050,Renault,KWID,Climber 1.0 MT Opt,2017,"27,438 km",Petrol,1st,Assam,"₹ 2,65,000"
1051,Renault,KWID,--,2016,"65,000 km",LPG,1st,Assam,"₹ 3,40,000"
1052,"Renault
/","Renault
/",SANDSTORM RXS 110 PS,2018,"19,100 km",Diesel,1st,Assam,"₹ 9,10,000"
1053,"Renault
/","Renault
/",2015-2016 85PS Diesel RxL Explore,2016,"100,000 km",Diesel,1st,Assam,"₹ 5,50,000"
1054,"Renault
/","Renault
/",RXT,2020,"46,000 km",Petrol,1st,Assam,"₹ 7,20,000"
1055,Renault,Duster,85PS Diesel RxL,2014,"109,000 km",Diesel,1st,Assam,"₹ 6,90,000"
1056,Honda,Civic,1.8 S MT Inspire,2008,"45,000 km",LPG,2nd,Assam,"₹ 27,000"
1057,Honda,Brio,1.2 S MT,2013,"79,000 km",Petrol,2nd,Assam,"₹ 2,20,000"
1058,Honda,Jazz,V CVT,2016,"21,000 km",Petrol,1st,Assam,"₹ 5,95,000"
1059,Honda,Others,Others,2018,"9,600 km",Petrol,1st,Assam,"₹ 70,000"
1060,Honda,Others,Others,2012,"38,000 km",Petrol,2nd,Assam,"₹ 27,000"
1061,Honda,City,2014-2015 V AT,2014,"48,000 km",Petrol,1st,Assam,"₹ 5,65,000"
1062,Honda,City ZX,Others,2009,"92,000 km",Petrol,3rd,Assam,"₹ 1,40,000"
1063,Honda,CR-V,Others,2011,"21,000 km",Petrol,1st,Assam,"₹ 30,000"
1064,Honda,City,2008-2011 1.5 S AT,2009,"53,000 km",Petrol,2nd,Assam,"₹ 3,30,000"
1065,Honda,City,2008-2011 1.5 V MT,2010,"48,000 km",Petrol,1st,Assam,"₹ 3,70,000"
1066,Honda,Amaze,V Petrol,2019,"22,000 km",Petrol,1st,Assam,"₹ 6,50,000"
1067,Honda,City,V Manual DIESEL,2016,"43,000 km",Diesel,1st,Assam,"₹ 5,90,000"
1068,Honda,Mobilio,V i-VTEC,2014,"65,000 km",Diesel,1st,Assam,"₹ 4,35,000"
1069,Honda,Jazz,1.5 VX i DTEC,2015,"48,522 km",Diesel,1st,Assam,"₹ 3,99,999"
1070,Honda,BR-V,i-VTEC V MT,2016,"35,992 km",Petrol,1st,Assam,"₹ 10,00,000"
1071,Honda,Amaze,1.2 EMT I VTEC,2016,"28,951 km",Petrol,1st,Assam,"₹ 4,30,000"
1072,Honda,City,2008-2011 1.5 S MT,2011,"25,000 km",Petrol,1st,Assam,"₹ 4,35,000"
1073,Honda,WR-V,i-VTEC VX,2018,"46,000 km",Petrol,1st,Assam,"₹ 8,00,000"
1074,Maruti Suzuki,Vitara Brezza,Others,2020,"6,000 km",Petrol,1st,Chandigarh,"₹ 8,15,000"
1075,Maruti Suzuki,Celerio,2014-2017 VXI AT,2017,"52,000 km",Petrol,2nd,Chandigarh,"₹ 4,35,000"
1076,Maruti Suzuki,Wagon R Stingray,AMT VXI Optional,2017,"25,000 km",Petrol,1st,Chandigarh,"₹ 3,50,000"
1077,Maruti Suzuki,Celerio X,AMT ZXI Option,2018,"36,000 km",Petrol,2nd,Chandigarh,"₹ 3,70,000"
1078,Maruti Suzuki,Wagon R,2006-2010 LXI Minor,2010,"90,000 km",Petrol,4th,Chandigarh,"₹ 1,20,000"
1079,Maruti Suzuki,800,DX,2003,"26,000 km",Petrol,3rd,Chandigarh,"₹ 25,000"
1080,Maruti Suzuki,Wagon R,AMT VXI Plus,2016,"50,000 km",Petrol,1st,Chandigarh,"₹ 3,95,000"
1081,Maruti Suzuki,Celerio X,AMT ZXI Option,2018,"36,000 km",Petrol,2nd,Chandigarh,"₹ 4,65,000"
1082,Maruti Suzuki,Ignis,1.3 AMT Alpha,2017,"41,100 km",Diesel,1st,Chandigarh,"₹ 5,70,000"
1083,Maruti Suzuki,Ertiga,ZDI,2015,"55,000 km",Diesel,1st,Chandigarh,"₹ 5,50,000"
1084,Maruti Suzuki,Baleno,1.3 Zeta,2016,"61,000 km",Petrol,1st,Chandigarh,"₹ 5,50,000"
1085,Maruti Suzuki,Wagon R 1.0,1.0 LXi,2015,"35,000 km",Petrol,1st,Chandigarh,"₹ 3,45,000"
1086,Maruti Suzuki,Gypsy,King Soft Top MPI BSIV,2011,"50,000 km",Petrol,2nd,Chandigarh,"₹ 4,50,000"
1087,Maruti Suzuki,Swift Dzire,ZXI,2017,"92,000 km",Petrol,1st,Chandigarh,"₹ 5,50,000"
1088,Maruti Suzuki,Estilo,LX BS-IV,2008,"88,000 km",Petrol,1st,Chandigarh,"₹ 1,20,000"
1089,Maruti Suzuki,Ciaz,ZDI Alpha,2017,"78,500 km",Diesel,1st,Chandigarh,"₹ 8,25,000"
1090,Maruti Suzuki,Zen,Others,2002,"100,000 km",Petrol,2nd,Chandigarh,"₹ 65,000"
1091,Maruti Suzuki,Alto 800,LXI,2006,"64,000 km",Petrol,2nd,Chandigarh,"₹ 1,75,000"
1092,Hyundai,Grand i10,1.2 Kappa Asta,2014,"75,000 km",Petrol,1st,Chandigarh,"₹ 5,70,000"
1093,Hyundai,i10,Sportz 1.2 Automatic Kappa2,2012,"60,000 km",Petrol,1st,Chandigarh,"₹ 2,95,000"
1094,Hyundai,i10,2007-2010 Magna AT,2009,"81,000 km",Petrol,1st,Chandigarh,"₹ 1,75,000"
1095,Hyundai,Santro Xing,XL,2003,"70,000 km",Petrol,3rd,Chandigarh,"₹ 80,000"
1096,Hyundai,Santro Xing,XG AT eRLX Euro III,2002,"145,000 km",Petrol,3rd,Chandigarh,"₹ 1,43,000"
1097,Hyundai,Verna,CRDi 1.6 AT SX Option,2012,"81,000 km",Diesel,1st,Chandigarh,"₹ 4,85,000"
1098,Hyundai,i20,1.2 Asta,2013,"62,000 km",Petrol,1st,Chandigarh,"₹ 3,95,000"
1099,Hyundai,Accent Viva,VIVA CRDi,2015,"58,855 km",CNG & Hybrids,1st,Chandigarh,"₹ 2,00,000"
1100,Hyundai,Verna,2016-2017 1.6 CRDI AT SX Option,2014,"75,000 km",Diesel,1st,Chandigarh,"₹ 4,75,000"
1101,Hyundai,Creta,1.6 CRDi SX,2015,"80,000 km",Diesel,1st,Chandigarh,"₹ 8,75,000"
1102,Hyundai,Santro Xing,GL,2008,"50,000 km",Petrol,1st,Chandigarh,"₹ 1,35,000"
1103,Hyundai,Grand i10,2016-2017 CRDi Magna,2017,"49,000 km",Diesel,1st,Chandigarh,"₹ 5,15,000"
1104,Hyundai,i20,1.4 Asta,2011,"101,000 km",Petrol,1st,Chandigarh,"₹ 2,70,000"
1105,Hyundai,Grand i10,2013-2016 Asta,2015,"59,980 km",Diesel,1st,Chandigarh,"₹ 5,70,000"
1106,Hyundai,Santro Xing,XO,2006,"91,000 km",Petrol,2nd,Chandigarh,"₹ 80,000"
1107,Hyundai,Grand i10,Sportz 1.2 Kappa VTVT,2015,"54,500 km",Petrol,1st,Chandigarh,"₹ 4,55,000"
1108,Hyundai,i10,1.2 Kappa Magna,2012,"70,000 km",Petrol,1st,Chandigarh,"₹ 2,95,000"
1109,Hyundai,i10,2007-2010 Magna 1.2,2010,"72,000 km",Petrol,1st,Chandigarh,"₹ 2,45,000"
1110,Toyota,Fortuner,3.0 4x2 Automatic,2013,"147,000 km",Diesel,1st,Chandigarh,"₹ 13,10,000"
1111,Toyota,Innova Crysta,2.8 ZX AT,2017,"75,000 km",Diesel,1st,Chandigarh,"₹ 19,50,000"
1112,Toyota,Camry,2012-2014 Hybrid,2017,"16,000 km",Petrol,1st,Chandigarh,"₹ 26,80,000"
1113,Toyota,Innova Crysta,2.8Z Automatic,2016,"105,000 km",Diesel,1st,Chandigarh,"₹ 19,50,000"
1114,Toyota,Innova Crysta,2.8Z Automatic,2017,"50,000 km",Diesel,1st,Chandigarh,"₹ 16,90,000"
1115,Toyota,Fortuner,2011-2016 2.5 4x2 AT TRD Sportivo,2013,"180,000 km",Diesel,1st,Chandigarh,"₹ 13,10,000"
1116,Toyota,Fortuner,3.0 4x2 Automatic,2020,"20,000 km",Diesel,1st,Chandigarh,"₹ 27,95,000"
1117,Toyota,Fortuner,2.8 2WD AT,2015,"110,000 km",Diesel,1st,Chandigarh,"₹ 16,20,000"
1118,Toyota,Innova Crysta,2.8Z Automatic,2016,"85,000 km",Diesel,1st,Chandigarh,"₹ 16,90,000"
1119,Toyota,Etios Liva,2014-2016 GD,2015,"66,000 km",Diesel,1st,Chandigarh,"₹ 4,50,000"
1120,Toyota,Innova Crysta,2.4 GX MT,2018,"50,000 km",Diesel,1st,Chandigarh,"₹ 15,00,000"
1121,Toyota,Innova,2.5 GX (Diesel) 7 Seater BS IV,2015,"131,000 km",Diesel,1st,Chandigarh,"₹ 9,15,000"
1122,Toyota,Innova,2.5 G (Diesel) 8 Seater,2006,"308,612 km",Diesel,4th,Chandigarh,"₹ 3,10,000"
1123,Toyota,Innova,2.5 GX (Diesel) 8 Seater BS IV,2016,"78,000 km",Diesel,1st,Chandigarh,"₹ 9,15,000"
1124,Toyota,Fortuner,2.8 4WD MT,2011,"144,500 km",Diesel,1st,Chandigarh,"₹ 9,70,000"
1125,Toyota,Fortuner,2.8 2WD MT,2012,"120,000 km",Diesel,1st,Chandigarh,"₹ 13,10,000"
1126,Toyota,Etios,2014-2016 GD,2016,"250,000 km",Diesel,1st,Chandigarh,"₹ 4,15,000"
1127,Toyota,Innova,2.5 V 7 STR,2013,"95,000 km",Diesel,1st,Chandigarh,"₹ 7,49,999"
1128,Mahindra,Scorpio,VLX 4WD Automatic MHawk,2008,"75,000 km",Diesel,1st,Chandigarh,"₹ 2,95,000"
1129,Mahindra,XUV500,AT W6 1.99 mHawk,2016,"68,000 km",Diesel,--,Chandigarh,"₹ 6,30,000"
1130,Mahindra,e2o plus,Others,2018,"5,000 km",Electric,1st,Chandigarh,"₹ 4,30,000"
1131,Mahindra,Thar,DI 4X4 PS,2021,"5,500 km",Diesel,1st,Chandigarh,"₹ 17,50,000"
1132,Mahindra,Scorpio,2002-2013 VLX 2.2 mHawk Airbag BSIV,2013,"88,500 km",Diesel,1st,Chandigarh,"₹ 6,55,000"
1133,Mahindra,Scorpio,2002-2013 VLS AT 2.2 mHAWK,2013,"91,000 km",Diesel,1st,Chandigarh,"₹ 6,55,000"
1134,Mahindra,XUV500,W10 AWD,2016,"97,000 km",Diesel,2nd,Chandigarh,"₹ 10,25,000"
1135,Mahindra,XUV500,W6 2WD,2012,"95,500 km",Diesel,3rd,Chandigarh,"₹ 6,30,000"
1136,Mahindra,Alturas G4,4X4 AT,2020,"16,000 km",Diesel,1st,Chandigarh,"₹ 30,50,000"
1137,Mahindra,XUV500,W8 2WD,2012,"90,000 km",Diesel,1st,Chandigarh,"₹ 6,30,000"
1138,Mahindra,XUV500,W8 2WD,2012,"83,000 km",Diesel,1st,Chandigarh,"₹ 6,30,000"
1139,Mahindra,Thar,DI 4X4 PS,2018,"17,900 km",Diesel,1st,Chandigarh,"₹ 8,80,000"
1140,Mahindra,Scorpio,2002-2013 2.6 SLX,2007,"95,000 km",Diesel,--,Chandigarh,"₹ 2,95,000"
1141,Mahindra,Verito,1.5 D6 BSIII,2012,"180,000 km",Diesel,2nd,Chandigarh,"₹ 1,65,000"
1142,Mahindra,XUV500,W8 2WD,2013,"79,000 km",Diesel,1st,Chandigarh,"₹ 6,30,000"
1143,Mahindra,Bolero Pik-Up,FB 1.25T,2015,"108,000 km",Diesel,1st,Chandigarh,"₹ 4,50,000"
1144,Mahindra,Thar,Others,2021,"9,000 km",Diesel,1st,Chandigarh,"₹ 17,50,000"
1145,Mahindra,Scorpio,2002-2013 2.6 LX,2004,"117,000 km",Diesel,1st,Chandigarh,"₹ 1,95,000"
1146,Honda,Accord,Accord 2.4 Automatic,2009,"120,000 km",Petrol,2nd,Chandigarh,"₹ 2,99,000"
1147,Honda,Civic,1.8 S MT,2006,"70,000 km",Petrol,2nd,Chandigarh,"₹ 2,10,000"
1148,Honda,CR-V,2.4 Automatic,2007,"73,000 km",Petrol,--,Chandigarh,"₹ 3,65,000"
1149,Honda,City,2008-2011 1.5 S AT,2009,"89,000 km",Petrol,1st,Chandigarh,"₹ 3,35,000"
1150,Honda,City ZX,GXi,2007,"121,000 km",CNG & Hybrids,2nd,Chandigarh,"₹ 1,55,000"
1151,Honda,City,V Automatic (AVN),2010,"91,000 km",Petrol,3rd,Chandigarh,"₹ 3,35,000"
1152,Honda,Civic,1.8 V AT,2008,"71,000 km",Petrol,1st,Chandigarh,"₹ 3,50,000"
1153,Honda,City,V Automatic (AVN),2017,"39,600 km",Petrol,1st,Chandigarh,"₹ 10,50,000"
1154,Honda,Civic,1.8 S AT,2012,"62,000 km",Petrol,2nd,Chandigarh,"₹ 4,00,000"
1155,Honda,City,--,2011,"75,700 km",Petrol,2nd,Chandigarh,"₹ 4,10,000"
1156,Honda,Amaze,2013-2016 VX i-DTEC,2013,"76,000 km",Diesel,1st,Chandigarh,"₹ 5,10,000"
1157,Honda,Brio,1.2 S Option MT,2013,"68,000 km",Petrol,1st,Chandigarh,"₹ 3,20,000"
1158,Honda,City,2008-2011 1.5 S AT,2010,"245,000 km",Petrol,1st,Chandigarh,"₹ 2,79,000"
1159,Honda,City,i-VTEC S,2011,"77,500 km",Petrol,1st,Chandigarh,"₹ 3,35,000"
1160,Honda,WR-V,Honda WR-V Edge Edition i-DTEC S,2019,"29,856 km",Petrol,1st,Chandigarh,"₹ 7,25,000"
1161,Honda,Brio,1.2 S MT,2013,"20,600 km",Petrol,1st,Chandigarh,"₹ 3,20,000"
1162,Honda,City,2008-2011 1.5 V MT,2011,"58,000 km",Petrol,1st,Chandigarh,"₹ 3,35,000"
1163,Honda,City ZX,GXi,2008,15 km,Petrol,2nd,Chandigarh,"₹ 1,55,000"
